Ano,nivel_geografico,sexo,20_64_numerador,20_64_poblacion_inscrita_validada,gestantes_20_54,20_64_denominador,20_64_cobertura_pct
2023,rm,Hombre,110337,1478659.0,0,1478659.0,7.461963846972155
2023,rm,Mujer,281335,1800710.0,23795,1776915.0,15.832777594876513
2024,rm,Hombre,153598,1554140.0,0,1554140.0,9.88315081009433
2024,rm,Mujer,314982,1884634.0,22064,1862570.0,16.911149648066917
2025,rm,Hombre,246313,1614237.0,0,1614237.0,15.25878789793568
2025,rm,Mujer,441677,1949365.0,22120,1927245.0,22.91753253997286
