Ano,nivel_geografico_x,nivel_geografico_y,nivel_geografico,sexo,15_19_numerador,15_19_denominador,15_19_cobertura_pct,20_24_numerador,20_24_denominador,20_24_cobertura_pct,25_29_numerador,25_29_denominador,25_29_cobertura_pct,30_34_numerador,30_34_denominador,30_34_cobertura_pct,35_39_numerador,35_39_denominador,35_39_cobertura_pct,40_44_numerador,40_44_denominador,40_44_cobertura_pct,45_49_numerador,45_49_denominador,45_49_cobertura_pct,50_54_numerador,50_54_denominador,50_54_cobertura_pct,55_59_numerador,55_59_denominador,55_59_cobertura_pct,60_64_numerador,60_64_denominador,60_64_cobertura_pct,65_mas_numerador,65_mas_denominador,65_mas_cobertura_pct,total_15_mas_numerador,total_15_mas_denominador,total_15_mas_cobertura_pct
2023,rm,rm,rm,Hombre,0,170619.0,0.0,0,184353.0,0.0,0,193594.0,0.0,0,192322.0,0.0,0,162530.0,0.0,0,152289.0,0.0,0,147198.0,0.0,0,149821.0,0.0,0,155590.0,0.0,0,140962.0,0.0,0,314944.0,0.0,416306,1964222.0,21.194447470805237
2024,rm,rm,rm,Hombre,0,178723.0,0.0,0,188057.0,0.0,0,203386.0,0.0,0,208047.0,0.0,0,179438.0,0.0,0,164549.0,0.0,0,150296.0,0.0,0,154657.0,0.0,0,156519.0,0.0,0,149191.0,0.0,0,328723.0,0.0,528961,2061586.0,25.65796430515147
2025,rm,rm,rm,Hombre,0,189643.0,0.0,0,189735.0,0.0,0,208491.0,0.0,0,218679.0,0.0,0,196971.0,0.0,0,174038.0,0.0,0,153591.0,0.0,0,160058.0,0.0,0,157514.0,0.0,0,155160.0,0.0,0,346187.0,0.0,748420,2150067.0,34.80914780795203
