Ano,nivel_geografico_x,total_15_mas_numerador,15_19_numerador,20_24_numerador,25_29_numerador,30_34_numerador,35_39_numerador,40_44_numerador,45_49_numerador,50_54_numerador,55_59_numerador,60_64_numerador,65_mas_numerador,nivel_geografico_y,nivel_geografico,sexo,15_19_denominador,15_19_cobertura_pct,20_24_denominador,20_24_cobertura_pct,25_29_denominador,25_29_cobertura_pct,30_34_denominador,30_34_cobertura_pct,35_39_denominador,35_39_cobertura_pct,40_44_denominador,40_44_cobertura_pct,45_49_denominador,45_49_cobertura_pct,50_54_denominador,50_54_cobertura_pct,55_59_denominador,55_59_cobertura_pct,60_64_denominador,60_64_cobertura_pct,65_mas_denominador,65_mas_cobertura_pct,total_15_mas_denominador,total_15_mas_cobertura_pct
2023,rm,221848,2526,12836,14083,15126,13327,12630,11164,10979,10360,9832,108978,rm,rm,Hombre,170619.0,1.4804916216833999,184353.0,6.962729112083882,193594.0,7.2745023089558565,192322.0,7.864934848847245,162530.0,8.199716975327632,152289.0,8.2934420739515,147198.0,7.584342178562209,149821.0,7.328078173286789,155590.0,6.658525612185873,140962.0,6.9749294136008295,314944.0,34.602342003657796,1964222.0,11.294446350768904
2024,rm,280180,3048,18252,19635,20917,19123,17551,15143,15077,14002,13898,123534,rm,rm,Hombre,178723.0,1.7054324289543035,188057.0,9.70556799268307,203386.0,9.654056818070075,208047.0,10.053978187621066,179438.0,10.657162919782879,164549.0,10.666123768603882,150296.0,10.075451109809975,154657.0,9.748669636679878,156519.0,8.945878775100786,149191.0,9.315575336313852,328723.0,37.57996854494514,2061586.0,13.590507502476248
2025,rm,391892,4931,20499,22224,25096,25650,25392,25445,29716,32674,39622,140643,rm,rm,Hombre,189643.0,2.6001487004529564,189735.0,10.804016127757135,208491.0,10.659452926025583,218679.0,11.476181983638117,196971.0,13.022221545303623,174038.0,14.589917144531652,153591.0,16.56672591492991,160058.0,18.565769908408203,157514.0,20.743552954023134,155160.0,25.536220675431814,346187.0,40.62630890241402,2150067.0,18.226966880566977
