Ano,nivel_geografico,15_24_numerador,25_34_numerador,35_44_numerador,45_54_numerador,55_64_numerador,65_mas_numerador,total_15_mas_numerador,15_24_denominador,25_34_denominador,35_44_denominador,45_54_denominador,55_64_denominador,65_mas_denominador,total_15_mas_denominador,15_24_cobertura_pct,25_34_cobertura_pct,35_44_cobertura_pct,45_54_cobertura_pct,55_64_cobertura_pct,65_mas_cobertura_pct,total_15_mas_cobertura_pct
2023,rm,56845,113467,93871,74683,60423,302805,702101,716944,860140,709679,662849,667036,781194,4397842,7.928792206922716,13.191689724928498,13.227247812038964,11.266970305454183,9.058431628877601,38.76181844714629,15.964670854478175
2024,rm,68914,134201,113799,87547,73013,337707,815181,742434,910734,771351,680221,688644,816301,4609685,9.282171883291984,14.735477098691824,14.753205739021535,12.870375951345226,10.602430283281347,41.37040135930251,17.68409338165189
2025,rm,75962,145616,145894,149528,184713,380148,1081859,768006,940786,827944,699285,704465,857060,4797546,9.890808144728036,15.478121485651359,17.621240083870408,21.382984047991876,26.22032322400687,44.354887639138454,22.550257986062043
