Ano,nivel_geografico_x,nivel_geografico_y,nivel_geografico,sexo,15_19_numerador,15_19_denominador,15_19_cobertura_pct,20_24_numerador,20_24_denominador,20_24_cobertura_pct,25_29_numerador,25_29_denominador,25_29_cobertura_pct,30_34_numerador,30_34_denominador,30_34_cobertura_pct,35_39_numerador,35_39_denominador,35_39_cobertura_pct,40_44_numerador,40_44_denominador,40_44_cobertura_pct,45_49_numerador,45_49_denominador,45_49_cobertura_pct,50_54_numerador,50_54_denominador,50_54_cobertura_pct,55_59_numerador,55_59_denominador,55_59_cobertura_pct,60_64_numerador,60_64_denominador,60_64_cobertura_pct,65_mas_numerador,65_mas_denominador,65_mas_cobertura_pct,total_15_mas_numerador,total_15_mas_denominador,total_15_mas_cobertura_pct
2023,rm,rm,rm,Mujer,0,166552.0,0.0,0,195393.0,0.0,0,232140.0,0.0,0,242040.0,0.0,0,205155.0,0.0,0,189686.0,0.0,0,181876.0,0.0,0,183945.0,0.0,0,193419.0,0.0,0,177056.0,0.0,0,466232.0,0.0,906483,2433494.0,37.250266489253725
2024,rm,rm,rm,Mujer,0,175689.0,0.0,0,199918.0,0.0,0,240442.0,0.0,0,258780.0,0.0,0,224179.0,0.0,0,203142.0,0.0,0,185336.0,0.0,0,189919.0,0.0,0,195533.0,0.0,0,187385.0,0.0,0,487570.0,0.0,1009560,2547893.0,39.62332798119858
2025,rm,rm,rm,Mujer,0,186640.0,0.0,0,201833.0,0.0,0,243646.0,0.0,0,269743.0,0.0,0,243559.0,0.0,0,213258.0,0.0,0,189297.0,0.0,0,196281.0,0.0,0,196189.0,0.0,0,195559.0,0.0,0,510847.0,0.0,1312033,2646852.0,49.56956414638975
