Ano,nivel_geografico,65_mas_numerador,65_mas_denominador,65_mas_cobertura_pct
2023,rm,302805,781176.0,38.76271160404314
2024,rm,337707,816293.0,41.37080680588955
2025,rm,380213,857034.0,44.363817538160674
