Ano,nivel_geografico_x,total_15_mas_numerador,15_19_numerador,20_24_numerador,25_29_numerador,30_34_numerador,35_39_numerador,40_44_numerador,45_49_numerador,50_54_numerador,55_59_numerador,60_64_numerador,65_mas_numerador,nivel_geografico_y,nivel_geografico,sexo,15_19_denominador,15_19_cobertura_pct,20_24_denominador,20_24_cobertura_pct,25_29_denominador,25_29_cobertura_pct,30_34_denominador,30_34_cobertura_pct,35_39_denominador,35_39_cobertura_pct,40_44_denominador,40_44_cobertura_pct,45_49_denominador,45_49_cobertura_pct,50_54_denominador,50_54_cobertura_pct,55_59_denominador,55_59_cobertura_pct,60_64_denominador,60_64_cobertura_pct,65_mas_denominador,65_mas_cobertura_pct,total_15_mas_denominador,total_15_mas_cobertura_pct
2023,rm,906483,480253,5091,36392,41306,42952,35990,31924,27377,25163,22030,158005,rm,rm,Mujer,166552.0,288.35018492723,195393.0,2.6055181096559243,232140.0,15.676746790729732,242040.0,17.06577425218972,205155.0,20.936365187297408,189686.0,18.97346140463714,181876.0,17.552618267390972,183945.0,14.88325314632091,193419.0,13.00958023772225,177056.0,12.442391107898066,466232.0,33.88978019526759,2433494.0,37.250266489253725
2024,rm,1009560,535001,5846,41768,45812,47837,41529,35596,29464,27863,23899,174945,rm,rm,Mujer,175689.0,304.51593440682115,199918.0,2.924198921557839,240442.0,17.371341113449397,258780.0,17.703068243295466,224179.0,21.338751622587306,203142.0,20.44333520394601,185336.0,19.206198471964434,189919.0,15.513982276654783,195533.0,14.249768581262497,187385.0,12.753955759532513,487570.0,35.881001702319665,2547893.0,39.62332798119858
2025,rm,1312033,689967,8785,41747,46526,51770,49533,45319,44209,50158,52451,231568,rm,rm,Mujer,186640.0,369.67798971281616,201833.0,4.3526083445224515,243646.0,17.134284987235578,269743.0,17.248269649258738,243559.0,21.255630052677173,213258.0,23.226795712235884,189297.0,23.94068580062019,196281.0,22.523321156912793,196189.0,25.566163240548654,195559.0,26.82106167448187,510847.0,45.330206500184985,2646852.0,49.56956414638975
