Ano,nivel_geografico,15_19_numerador,20_24_numerador,25_29_numerador,30_34_numerador,35_39_numerador,40_44_numerador,45_49_numerador,50_54_numerador,55_59_numerador,60_64_numerador,65_mas_numerador,total_15_mas_numerador,15_19_denominador,20_24_denominador,25_29_denominador,30_34_denominador,35_39_denominador,40_44_denominador,45_49_denominador,50_54_denominador,55_59_denominador,60_64_denominador,65_mas_denominador,total_15_mas_denominador,15_19_cobertura_pct,20_24_cobertura_pct,25_29_cobertura_pct,30_34_cobertura_pct,35_39_cobertura_pct,40_44_cobertura_pct,45_49_cobertura_pct,50_54_cobertura_pct,55_59_cobertura_pct,60_64_cobertura_pct,65_mas_cobertura_pct,total_15_mas_cobertura_pct
2023,rm,702101,7617,49228,55389,58078,49317,44554,38541,36142,32390,249432,702101,337183,379761,425756,434384,367696,341983,329078,333771,349014,318022,781194,4397842,208.22550365825086,2.0057351860775596,11.56249119213822,12.751160263729789,15.79511335451025,14.420892266574652,13.539039376682732,11.547138607008996,10.355458520288584,10.184829980315827,31.929584712632202,15.964670854478175
2024,rm,815181,8894,60020,65447,68754,60652,53147,44607,42940,37901,280978,815181,354437,387997,443869,466865,403639,367712,335638,344583,352060,336584,816301,4609685,229.9932004841481,2.292285765096122,13.522007619365173,14.018399323144806,17.03353739356207,16.494430423809938,15.834619441183657,12.94521203889919,12.196784638981992,11.260487723718299,34.420881513069325,17.68409338165189
2025,rm,1081859,13716,62246,68750,76866,75183,70711,69654,79874,85125,376469,1081859,376341,391665,452259,488527,440607,387337,342917,356368,353723,350742,857060,4797546,287.4677486641105,3.501972348818506,13.763352415319542,14.072917157086506,17.445478623807613,19.41022933517841,20.620441681223152,19.54552597315135,22.58094610754743,24.269976221838274,43.92562947751616,22.550257986062043
