Ano,nivel_geografico_x,total_15_mas_numerador,15_19_numerador,20_24_numerador,25_29_numerador,30_34_numerador,35_39_numerador,40_44_numerador,45_49_numerador,50_54_numerador,55_59_numerador,60_64_numerador,65_mas_numerador,nivel_geografico_y,nivel_geografico,sexo,15_19_denominador,15_19_cobertura_pct,20_24_denominador,20_24_cobertura_pct,25_29_denominador,25_29_cobertura_pct,30_34_denominador,30_34_cobertura_pct,35_39_denominador,35_39_cobertura_pct,40_44_denominador,40_44_cobertura_pct,45_49_denominador,45_49_cobertura_pct,50_54_denominador,50_54_cobertura_pct,55_59_denominador,55_59_cobertura_pct,60_64_denominador,60_64_cobertura_pct,65_mas_denominador,65_mas_cobertura_pct,total_15_mas_denominador,total_15_mas_cobertura_pct
2023,rm,480253,5091,36392,41306,42952,35990,31924,27377,25163,22030,18201,193827,rm,rm,Mujer,166552.0,3.05670301167203,195393.0,18.62502750866203,232140.0,17.793572843973465,242040.0,17.74582713601058,205155.0,17.542833467378323,189686.0,16.829918918633954,181876.0,15.052563284875408,183945.0,13.679632498844763,193419.0,11.389780735088074,177056.0,10.279798481836256,466232.0,41.573079496902835,2433494.0,19.735121598820463
2024,rm,535001,5846,41768,45812,47837,41529,35596,29464,27863,23899,21214,214173,rm,rm,Mujer,175689.0,3.327470701068365,199918.0,20.892565952040336,240442.0,19.053243609685495,258780.0,18.4855862122266,224179.0,18.524928739980105,203142.0,17.522718098669895,185336.0,15.897612983985843,189919.0,14.670991317351081,195533.0,12.222489298481586,187385.0,11.321076927182006,487570.0,43.92661566544291,2547893.0,20.997781304002956
2025,rm,689967,8785,41747,46526,51770,49533,45319,44209,50158,52451,59966,239505,rm,rm,Mujer,186640.0,4.706922417488213,201833.0,20.68393176537038,243646.0,19.09573725815322,269743.0,19.19234234067242,243559.0,20.337166764521122,213258.0,21.250785433606243,189297.0,23.354305667813012,196281.0,25.55417997666611,196189.0,26.734934170621187,195559.0,30.663891715543645,510847.0,46.88390065910145,2646852.0,26.067456737286403
