Ano,nivel_geografico,IdServicio_master,servicio_salud_master,IdComuna_master,comuna_master,categoria_estado_nutricional,15_19,20_24,25_29,30_34,35_39,40_44,45_49,50_54,55_59,60_64,65_mas,total_15_mas,15_19_numerador,20_24_numerador,25_29_numerador,30_34_numerador,35_39_numerador,40_44_numerador,45_49_numerador,50_54_numerador,55_59_numerador,60_64_numerador,65_mas_numerador,total_15_mas_numerador,15_19_distribucion_pct,20_24_distribucion_pct,25_29_distribucion_pct,30_34_distribucion_pct,35_39_distribucion_pct,40_44_distribucion_pct,45_49_distribucion_pct,50_54_distribucion_pct,55_59_distribucion_pct,60_64_distribucion_pct,65_mas_distribucion_pct,total_15_mas_distribucion_pct
2023,comuna,9,Servicio de Salud Metropolitano Norte,13104,Conchalí,Bajo peso,1,33,17,19,5,11,11,6,7,15,958,1083,18.0,1084.0,1199.0,1209.0,1019.0,943.0,843.0,807.0,712.0,587.0,9170.0,17591.0,5.555555555555555,3.044280442804428,1.4178482068390326,1.5715467328370554,0.49067713444553485,1.166489925768823,1.3048635824436536,0.7434944237918215,0.9831460674157303,2.555366269165247,10.44711014176663,6.156557330453072
2023,comuna,9,Servicio de Salud Metropolitano Norte,13104,Conchalí,Normal,6,396,338,281,227,184,140,165,177,159,3440,5513,18.0,1084.0,1199.0,1209.0,1019.0,943.0,843.0,807.0,712.0,587.0,9170.0,17591.0,33.33333333333333,36.53136531365313,28.19015846538782,23.242349048800662,22.276741903827283,19.51219512195122,16.6073546856465,20.44609665427509,24.859550561797754,27.086882453151617,37.51363140676118,31.339889716332216
2023,comuna,9,Servicio de Salud Metropolitano Norte,13104,Conchalí,Obesidad,9,324,437,479,423,406,325,311,222,160,2241,5337,18.0,1084.0,1199.0,1209.0,1019.0,943.0,843.0,807.0,712.0,587.0,9170.0,17591.0,50.0,29.88929889298893,36.44703919933278,39.619520264681555,41.51128557409225,43.05408271474019,38.55278766310795,38.53779429987608,31.179775280898873,27.2572402044293,24.43838604143948,30.339378091069296
2023,comuna,9,Servicio de Salud Metropolitano Norte,13104,Conchalí,Sobrepeso,2,331,407,430,364,342,367,325,306,253,2531,5658,18.0,1084.0,1199.0,1209.0,1019.0,943.0,843.0,807.0,712.0,587.0,9170.0,17591.0,11.11111111111111,30.53505535055351,33.94495412844037,35.566583953680734,35.72129538763494,36.267232237539766,43.53499406880189,40.272614622057,42.97752808988764,43.100511073253834,27.600872410032718,32.164174862145416
2023,comuna,9,Servicio de Salud Metropolitano Norte,13107,Huechuraba,Bajo peso,2,24,14,14,5,8,4,6,8,3,428,516,20.0,970.0,1210.0,1115.0,884.0,802.0,709.0,766.0,667.0,417.0,4908.0,12468.0,10.0,2.4742268041237114,1.1570247933884297,1.2556053811659191,0.5656108597285068,0.997506234413965,0.5641748942172073,0.7832898172323759,1.199400299850075,0.7194244604316548,8.720456397718012,4.138594802694899
2023,comuna,9,Servicio de Salud Metropolitano Norte,13107,Huechuraba,Normal,7,341,313,221,152,140,133,149,149,102,1724,3431,20.0,970.0,1210.0,1115.0,884.0,802.0,709.0,766.0,667.0,417.0,4908.0,12468.0,35.0,35.15463917525773,25.867768595041323,19.82062780269058,17.194570135746606,17.45635910224439,18.758815232722146,19.451697127937337,22.338830584707647,24.46043165467626,35.12632436837816,27.51844722489573
2023,comuna,9,Servicio de Salud Metropolitano Norte,13107,Huechuraba,Obesidad,6,323,480,471,409,349,290,309,247,140,1295,4319,20.0,970.0,1210.0,1115.0,884.0,802.0,709.0,766.0,667.0,417.0,4908.0,12468.0,30.0,33.298969072164944,39.66942148760331,42.24215246636771,46.26696832579186,43.51620947630923,40.90267983074753,40.33942558746737,37.031484257871064,33.573141486810556,26.385493072534636,34.640680141161376
2023,comuna,9,Servicio de Salud Metropolitano Norte,13107,Huechuraba,Sobrepeso,5,282,403,409,318,305,282,302,263,172,1461,4202,20.0,970.0,1210.0,1115.0,884.0,802.0,709.0,766.0,667.0,417.0,4908.0,12468.0,25.0,29.07216494845361,33.30578512396694,36.681614349775785,35.97285067873303,38.02992518703242,39.77433004231312,39.425587467362924,39.430284857571216,41.247002398081534,29.767726161369197,33.702277831248
2023,comuna,9,Servicio de Salud Metropolitano Norte,13108,Independencia,Bajo peso,0,7,8,6,3,2,1,7,1,7,628,672,40.0,252.0,443.0,503.0,528.0,448.0,424.0,331.0,259.0,223.0,3696.0,7154.0,0.0,2.7777777777777777,1.805869074492099,1.1928429423459244,0.5681818181818182,0.4464285714285714,0.2358490566037736,2.1148036253776437,0.3861003861003861,3.1390134529147984,16.99134199134199,9.393346379647749
2023,comuna,9,Servicio de Salud Metropolitano Norte,13108,Independencia,Normal,22,81,140,119,117,73,69,67,52,72,1469,2284,40.0,252.0,443.0,503.0,528.0,448.0,424.0,331.0,259.0,223.0,3696.0,7154.0,55.00000000000001,32.142857142857146,31.60270880361174,23.658051689860834,22.15909090909091,16.294642857142858,16.27358490566038,20.241691842900302,20.077220077220076,32.28699551569507,39.745670995671,31.926195135588483
2023,comuna,9,Servicio de Salud Metropolitano Norte,13108,Independencia,Obesidad,4,79,153,184,217,193,172,142,78,59,686,1971,40.0,252.0,443.0,503.0,528.0,448.0,424.0,331.0,259.0,223.0,3696.0,7154.0,10.0,31.349206349206348,34.537246049661405,36.58051689860835,41.09848484848485,43.080357142857146,40.56603773584906,42.90030211480362,30.115830115830118,26.45739910313901,18.560606060606062,27.55102040816326
2023,comuna,9,Servicio de Salud Metropolitano Norte,13108,Independencia,Sobrepeso,14,85,142,194,191,180,182,115,128,85,913,2227,40.0,252.0,443.0,503.0,528.0,448.0,424.0,331.0,259.0,223.0,3696.0,7154.0,35.0,33.730158730158735,32.05417607223476,38.56858846918489,36.17424242424242,40.17857142857143,42.924528301886795,34.74320241691843,49.42084942084942,38.11659192825112,24.702380952380953,31.1294380766005
2023,comuna,9,Servicio de Salud Metropolitano Norte,13125,Quilicura,Bajo peso,0,37,22,11,11,7,10,5,8,6,498,615,14.0,1563.0,1663.0,1648.0,1462.0,1321.0,1132.0,1118.0,870.0,672.0,5975.0,17438.0,0.0,2.36724248240563,1.32291040288635,0.6674757281553397,0.7523939808481532,0.5299015897047691,0.88339222614841,0.4472271914132379,0.9195402298850575,0.8928571428571428,8.334728033472803,3.526780594104829
2023,comuna,9,Servicio de Salud Metropolitano Norte,13125,Quilicura,Normal,5,540,445,338,271,239,179,219,181,159,2183,4759,14.0,1563.0,1663.0,1648.0,1462.0,1321.0,1132.0,1118.0,870.0,672.0,5975.0,17438.0,35.714285714285715,34.548944337811896,26.75886951292844,20.509708737864077,18.53625170998632,18.09235427706283,15.81272084805654,19.58855098389982,20.804597701149426,23.660714285714285,36.53556485355649,27.29097373552013
2023,comuna,9,Servicio de Salud Metropolitano Norte,13125,Quilicura,Obesidad,5,512,646,713,662,587,492,428,346,216,1507,6114,14.0,1563.0,1663.0,1648.0,1462.0,1321.0,1132.0,1118.0,870.0,672.0,5975.0,17438.0,35.714285714285715,32.7575175943698,38.84546001202646,43.26456310679612,45.280437756497946,44.43603330809992,43.46289752650176,38.28264758497317,39.770114942528735,32.142857142857146,25.22175732217573,35.06136024773483
2023,comuna,9,Servicio de Salud Metropolitano Norte,13125,Quilicura,Sobrepeso,4,474,550,586,518,488,451,466,335,291,1787,5950,14.0,1563.0,1663.0,1648.0,1462.0,1321.0,1132.0,1118.0,870.0,672.0,5975.0,17438.0,28.57142857142857,30.326295585412666,33.072760072158744,35.55825242718447,35.43091655266758,36.941710825132475,39.840989399293285,41.681574239713775,38.50574712643678,43.30357142857143,29.90794979079498,34.120885422640214
2023,comuna,9,Servicio de Salud Metropolitano Norte,13127,Recoleta,Bajo peso,6,48,24,19,22,20,10,14,21,31,784,999,72.0,1072.0,1212.0,1222.0,1157.0,1050.0,916.0,886.0,683.0,620.0,8546.0,17436.0,8.333333333333332,4.477611940298507,1.9801980198019802,1.5548281505728314,1.9014693171996542,1.9047619047619049,1.0917030567685588,1.580135440180587,3.074670571010249,5.0,9.17388251813714,5.729525120440468
2023,comuna,9,Servicio de Salud Metropolitano Norte,13127,Recoleta,Normal,29,396,384,331,288,234,209,181,166,185,3410,5813,72.0,1072.0,1212.0,1222.0,1157.0,1050.0,916.0,886.0,683.0,620.0,8546.0,17436.0,40.27777777777778,36.940298507462686,31.683168316831683,27.086743044189852,24.891961970613654,22.285714285714285,22.816593886462883,20.428893905191874,24.30453879941435,29.838709677419356,39.90170840159139,33.33906859371415
2023,comuna,9,Servicio de Salud Metropolitano Norte,13127,Recoleta,Obesidad,18,320,436,495,502,446,347,338,229,189,1985,5305,72.0,1072.0,1212.0,1222.0,1157.0,1050.0,916.0,886.0,683.0,620.0,8546.0,17436.0,25.0,29.850746268656714,35.973597359735976,40.50736497545008,43.38807260155575,42.47619047619048,37.882096069869,38.1489841986456,33.52855051244509,30.483870967741932,23.2272408144161,30.42555632025694
2023,comuna,9,Servicio de Salud Metropolitano Norte,13127,Recoleta,Sobrepeso,19,308,368,377,345,350,350,353,267,215,2367,5319,72.0,1072.0,1212.0,1222.0,1157.0,1050.0,916.0,886.0,683.0,620.0,8546.0,17436.0,26.38888888888889,28.73134328358209,30.363036303630363,30.851063829787233,29.818496110630942,33.33333333333333,38.209606986899566,39.841986455981946,39.0922401171303,34.67741935483871,27.69716826585537,30.50584996558844
2023,comuna,9,Servicio de Salud Metropolitano Norte,13301,Colina,Bajo peso,11,42,22,17,11,16,14,10,11,5,485,644,198.0,1345.0,1616.0,1760.0,1626.0,1501.0,1286.0,1078.0,775.0,485.0,4355.0,16025.0,5.555555555555555,3.1226765799256504,1.3613861386138615,0.9659090909090908,0.6765067650676507,1.0659560293137909,1.088646967340591,0.927643784786642,1.4193548387096775,1.0309278350515463,11.136624569460391,4.018720748829954
2023,comuna,9,Servicio de Salud Metropolitano Norte,13301,Colina,Normal,78,413,393,368,265,249,209,176,124,115,1490,3880,198.0,1345.0,1616.0,1760.0,1626.0,1501.0,1286.0,1078.0,775.0,485.0,4355.0,16025.0,39.39393939393939,30.70631970260223,24.31930693069307,20.909090909090907,16.297662976629766,16.58894070619587,16.25194401244168,16.3265306122449,16.0,23.711340206185564,34.21354764638347,24.21216848673947
2023,comuna,9,Servicio de Salud Metropolitano Norte,13301,Colina,Obesidad,56,461,647,722,741,680,559,453,323,172,1095,5909,198.0,1345.0,1616.0,1760.0,1626.0,1501.0,1286.0,1078.0,775.0,485.0,4355.0,16025.0,28.28282828282828,34.27509293680298,40.03712871287129,41.02272727272727,45.571955719557195,45.303131245836106,43.46811819595646,42.02226345083488,41.677419354838705,35.4639175257732,25.143513203214695,36.87363494539782
2023,comuna,9,Servicio de Salud Metropolitano Norte,13301,Colina,Sobrepeso,53,429,554,653,609,556,504,439,317,193,1285,5592,198.0,1345.0,1616.0,1760.0,1626.0,1501.0,1286.0,1078.0,775.0,485.0,4355.0,16025.0,26.767676767676768,31.895910780669144,34.28217821782179,37.10227272727273,37.45387453874539,37.04197201865423,39.19129082426128,40.72356215213358,40.903225806451616,39.79381443298969,29.506314580941446,34.89547581903276
2023,comuna,9,Servicio de Salud Metropolitano Norte,13302,Lampa,Bajo peso,4,26,16,9,11,7,7,6,3,3,259,351,133.0,886.0,1061.0,1171.0,936.0,803.0,627.0,461.0,352.0,255.0,2714.0,9399.0,3.007518796992481,2.9345372460496613,1.5080113100848256,0.7685738684884714,1.1752136752136753,0.8717310087173101,1.1164274322169059,1.3015184381778742,0.8522727272727272,1.1764705882352942,9.543109801031688,3.7344398340248963
2023,comuna,9,Servicio de Salud Metropolitano Norte,13302,Lampa,Normal,53,270,276,248,182,140,106,78,69,61,994,2477,133.0,886.0,1061.0,1171.0,936.0,803.0,627.0,461.0,352.0,255.0,2714.0,9399.0,39.849624060150376,30.474040632054177,26.013195098963244,21.178479931682322,19.444444444444446,17.4346201743462,16.905901116427433,16.919739696312362,19.602272727272727,23.92156862745098,36.62490788504053,26.35386743270561
2023,comuna,9,Servicio de Salud Metropolitano Norte,13302,Lampa,Obesidad,37,339,395,517,435,356,272,204,132,77,728,3492,133.0,886.0,1061.0,1171.0,936.0,803.0,627.0,461.0,352.0,255.0,2714.0,9399.0,27.819548872180448,38.261851015801355,37.22902921771913,44.15029888983775,46.47435897435898,44.333748443337484,43.38118022328549,44.251626898047725,37.5,30.19607843137255,26.823876197494474,37.152888605170766
2023,comuna,9,Servicio de Salud Metropolitano Norte,13302,Lampa,Sobrepeso,39,251,374,397,308,300,242,173,148,114,733,3079,133.0,886.0,1061.0,1171.0,936.0,803.0,627.0,461.0,352.0,255.0,2714.0,9399.0,29.32330827067669,28.329571106094807,35.2497643732328,33.902647309991465,32.9059829059829,37.359900373599004,38.59649122807017,37.52711496746204,42.04545454545455,44.70588235294118,27.00810611643331,32.75880412809873
2023,comuna,9,Servicio de Salud Metropolitano Norte,13303,Tiltil,Bajo peso,0,1,0,3,0,0,1,3,0,0,52,60,21.0,67.0,86.0,98.0,63.0,91.0,79.0,51.0,48.0,34.0,349.0,987.0,0.0,1.4925373134328357,0.0,3.061224489795918,0.0,0.0,1.2658227848101267,5.88235294117647,0.0,0.0,14.899713467048711,6.079027355623101
2023,comuna,9,Servicio de Salud Metropolitano Norte,13303,Tiltil,Normal,10,22,26,28,16,23,20,7,6,12,85,255,21.0,67.0,86.0,98.0,63.0,91.0,79.0,51.0,48.0,34.0,349.0,987.0,47.61904761904761,32.83582089552239,30.23255813953488,28.57142857142857,25.396825396825395,25.274725274725274,25.31645569620253,13.725490196078432,12.5,35.294117647058826,24.355300859598856,25.835866261398177
2023,comuna,9,Servicio de Salud Metropolitano Norte,13303,Tiltil,Obesidad,4,22,35,38,24,39,28,20,21,10,69,310,21.0,67.0,86.0,98.0,63.0,91.0,79.0,51.0,48.0,34.0,349.0,987.0,19.047619047619047,32.83582089552239,40.69767441860465,38.775510204081634,38.095238095238095,42.857142857142854,35.44303797468354,39.21568627450981,43.75,29.411764705882355,19.770773638968482,31.40830800405269
2023,comuna,9,Servicio de Salud Metropolitano Norte,13303,Tiltil,Sobrepeso,7,22,25,29,23,29,30,21,21,12,143,362,21.0,67.0,86.0,98.0,63.0,91.0,79.0,51.0,48.0,34.0,349.0,987.0,33.33333333333333,32.83582089552239,29.069767441860467,29.591836734693878,36.507936507936506,31.868131868131865,37.9746835443038,41.17647058823529,43.75,35.294117647058826,40.97421203438395,36.67679837892604
2023,comuna,10,Servicio de Salud Metropolitano Occidente,13103,Cerro Navia,Bajo peso,1,59,28,17,12,8,5,13,10,14,581,748,94.0,943.0,1040.0,1021.0,808.0,698.0,631.0,633.0,537.0,347.0,5373.0,12125.0,1.0638297872340425,6.256627783669141,2.6923076923076925,1.665034280117532,1.4851485148514851,1.146131805157593,0.7923930269413629,2.0537124802527646,1.86219739292365,4.034582132564841,10.813325888702773,6.169072164948454
2023,comuna,10,Servicio de Salud Metropolitano Occidente,13103,Cerro Navia,Normal,34,309,270,242,153,102,115,131,131,77,1849,3413,94.0,943.0,1040.0,1021.0,808.0,698.0,631.0,633.0,537.0,347.0,5373.0,12125.0,36.17021276595745,32.7677624602333,25.961538461538463,23.702252693437806,18.935643564356436,14.613180515759314,18.225039619651348,20.69510268562401,24.39478584729981,22.19020172910663,34.41280476456356,28.14845360824742
2023,comuna,10,Servicio de Salud Metropolitano Occidente,13103,Cerro Navia,Obesidad,32,305,376,429,353,334,273,265,189,106,1415,4077,94.0,943.0,1040.0,1021.0,808.0,698.0,631.0,633.0,537.0,347.0,5373.0,12125.0,34.04255319148936,32.34358430540827,36.15384615384615,42.01762977473066,43.68811881188119,47.85100286532951,43.264659270998415,41.864139020537124,35.19553072625698,30.547550432276655,26.33538060673739,33.62474226804124
2023,comuna,10,Servicio de Salud Metropolitano Occidente,13103,Cerro Navia,Sobrepeso,27,270,366,333,290,254,238,224,207,150,1528,3887,94.0,943.0,1040.0,1021.0,808.0,698.0,631.0,633.0,537.0,347.0,5373.0,12125.0,28.723404255319153,28.63202545068929,35.19230769230769,32.615083251714005,35.89108910891089,36.38968481375358,37.717908082408876,35.3870458135861,38.547486033519554,43.22766570605187,28.438488739996277,32.057731958762886
2023,comuna,10,Servicio de Salud Metropolitano Occidente,13117,Lo Prado,Bajo peso,9,38,18,11,10,3,9,6,5,3,601,713,209.0,1469.0,1612.0,1665.0,1436.0,1234.0,1222.0,1052.0,887.0,672.0,7108.0,18566.0,4.30622009569378,2.5867937372362153,1.1166253101736971,0.6606606606606606,0.6963788300835655,0.24311183144246357,0.7364975450081833,0.5703422053231939,0.5636978579481398,0.4464285714285714,8.45526167698368,3.8403533340514917
2023,comuna,10,Servicio de Salud Metropolitano Occidente,13117,Lo Prado,Normal,81,505,429,385,275,216,191,208,193,167,2743,5393,209.0,1469.0,1612.0,1665.0,1436.0,1234.0,1222.0,1052.0,887.0,672.0,7108.0,18566.0,38.75598086124402,34.37712729748128,26.61290322580645,23.123123123123122,19.15041782729805,17.504051863857377,15.630114566284778,19.771863117870723,21.758737316798197,24.851190476190478,38.59032076533484,29.047721641710655
2023,comuna,10,Servicio de Salud Metropolitano Occidente,13117,Lo Prado,Obesidad,59,463,583,686,643,529,535,404,350,206,1734,6192,209.0,1469.0,1612.0,1665.0,1436.0,1234.0,1222.0,1052.0,887.0,672.0,7108.0,18566.0,28.22966507177033,31.518039482641253,36.16625310173697,41.2012012012012,44.77715877437326,42.86871961102107,43.780687397708675,38.40304182509506,39.45885005636979,30.654761904761905,24.395047833427125,33.35128729936443
2023,comuna,10,Servicio de Salud Metropolitano Occidente,13117,Lo Prado,Sobrepeso,60,463,582,583,508,486,487,434,339,296,2030,6268,209.0,1469.0,1612.0,1665.0,1436.0,1234.0,1222.0,1052.0,887.0,672.0,7108.0,18566.0,28.708133971291865,31.518039482641253,36.10421836228288,35.01501501501502,35.37604456824512,39.3841166936791,39.85270049099836,41.254752851711025,38.21871476888388,44.047619047619044,28.559369724254363,33.760637724873426
2023,comuna,10,Servicio de Salud Metropolitano Occidente,13124,Pudahuel,Bajo peso,49,46,32,18,13,10,8,7,13,15,823,1034,766.0,1884.0,2244.0,2407.0,2029.0,1928.0,1725.0,1739.0,1741.0,1506.0,10434.0,28403.0,6.396866840731071,2.4416135881104037,1.4260249554367201,0.7478188616535106,0.6407097092163627,0.5186721991701244,0.463768115942029,0.4025301897642324,0.7466973004020678,0.9960159362549801,7.887674908951505,3.6404605147343587
2023,comuna,10,Servicio de Salud Metropolitano Occidente,13124,Pudahuel,Normal,353,696,659,545,375,314,293,285,336,338,3750,7944,766.0,1884.0,2244.0,2407.0,2029.0,1928.0,1725.0,1739.0,1741.0,1506.0,10434.0,28403.0,46.083550913838124,36.94267515923567,29.36720142602496,22.642293311175738,18.482010842779694,16.286307053941908,16.98550724637681,16.3887291546866,19.299253302699597,22.44355909694555,35.9401955146636,27.968876527127417
2023,comuna,10,Servicio de Salud Metropolitano Occidente,13124,Pudahuel,Obesidad,175,591,853,1005,876,901,774,732,621,525,2759,9812,766.0,1884.0,2244.0,2407.0,2029.0,1928.0,1725.0,1739.0,1741.0,1506.0,10434.0,28403.0,22.845953002610965,31.369426751592357,38.012477718360074,41.753219775654344,43.173977328733365,46.732365145228215,44.869565217391305,42.09315698677401,35.66915565766801,34.8605577689243,26.442399846655167,34.54564658662817
2023,comuna,10,Servicio de Salud Metropolitano Occidente,13124,Pudahuel,Sobrepeso,189,551,700,839,765,703,650,715,771,628,3102,9613,766.0,1884.0,2244.0,2407.0,2029.0,1928.0,1725.0,1739.0,1741.0,1506.0,10434.0,28403.0,24.673629242819846,29.24628450106157,31.194295900178254,34.85666805151641,37.703302119270575,36.46265560165975,37.68115942028986,41.11558366877516,44.28489373923033,41.699867197875164,29.72972972972973,33.84501637151005
2023,comuna,10,Servicio de Salud Metropolitano Occidente,13126,Quinta Normal,Bajo peso,27,31,22,19,8,3,7,2,3,6,731,859,190.0,930.0,985.0,868.0,707.0,593.0,523.0,512.0,424.0,382.0,7280.0,13394.0,14.210526315789473,3.3333333333333335,2.233502538071066,2.1889400921658986,1.1315417256011315,0.5059021922428331,1.338432122370937,0.390625,0.7075471698113208,1.5706806282722512,10.041208791208792,6.413319396744812
2023,comuna,10,Servicio de Salud Metropolitano Occidente,13126,Quinta Normal,Normal,79,401,327,211,160,123,95,101,111,97,3024,4729,190.0,930.0,985.0,868.0,707.0,593.0,523.0,512.0,424.0,382.0,7280.0,13394.0,41.578947368421055,43.11827956989247,33.19796954314721,24.308755760368665,22.63083451202263,20.741989881956155,18.164435946462714,19.7265625,26.179245283018872,25.392670157068064,41.53846153846154,35.30685381514111
2023,comuna,10,Servicio de Salud Metropolitano Occidente,13126,Quinta Normal,Obesidad,47,214,294,309,284,243,200,200,137,112,1618,3658,190.0,930.0,985.0,868.0,707.0,593.0,523.0,512.0,424.0,382.0,7280.0,13394.0,24.736842105263158,23.010752688172044,29.84771573604061,35.59907834101382,40.169731258840166,40.97807757166947,38.24091778202677,39.0625,32.31132075471698,29.31937172774869,22.225274725274723,27.310736150515158
2023,comuna,10,Servicio de Salud Metropolitano Occidente,13126,Quinta Normal,Sobrepeso,37,284,342,329,255,224,221,209,173,167,1907,4148,190.0,930.0,985.0,868.0,707.0,593.0,523.0,512.0,424.0,382.0,7280.0,13394.0,19.473684210526315,30.53763440860215,34.72081218274112,37.903225806451616,36.06789250353607,37.77403035413153,42.25621414913958,40.8203125,40.80188679245283,43.717277486910994,26.195054945054945,30.969090637598924
2023,comuna,10,Servicio de Salud Metropolitano Occidente,13128,Renca,Bajo peso,42,29,14,11,5,7,5,6,7,18,663,807,570.0,1240.0,1379.0,1403.0,1235.0,1106.0,956.0,944.0,755.0,683.0,6523.0,16794.0,7.368421052631578,2.338709677419355,1.015228426395939,0.7840342124019958,0.4048582995951417,0.6329113924050633,0.5230125523012552,0.6355932203389831,0.9271523178807948,2.635431918008785,10.164034953242373,4.805287602715255
2023,comuna,10,Servicio de Salud Metropolitano Occidente,13128,Renca,Normal,239,417,376,282,244,213,155,178,163,185,2397,4849,570.0,1240.0,1379.0,1403.0,1235.0,1106.0,956.0,944.0,755.0,683.0,6523.0,16794.0,41.929824561403514,33.62903225806452,27.26613488034808,20.099786172487526,19.757085020242915,19.258589511754067,16.21338912133891,18.85593220338983,21.58940397350993,27.086383601756953,36.74689560018397,28.873407169227107
2023,comuna,10,Servicio de Salud Metropolitano Occidente,13128,Renca,Obesidad,145,431,520,609,546,493,440,362,277,213,1612,5648,570.0,1240.0,1379.0,1403.0,1235.0,1106.0,956.0,944.0,755.0,683.0,6523.0,16794.0,25.438596491228072,34.75806451612903,37.70848440899202,43.406985032074125,44.21052631578947,44.5750452079566,46.02510460251046,38.347457627118644,36.688741721854306,31.18594436310395,24.7125555725893,33.63105871144456
2023,comuna,10,Servicio de Salud Metropolitano Occidente,13128,Renca,Sobrepeso,144,363,469,501,440,393,356,398,308,267,1851,5490,570.0,1240.0,1379.0,1403.0,1235.0,1106.0,956.0,944.0,755.0,683.0,6523.0,16794.0,25.263157894736842,29.274193548387096,34.01015228426396,35.70919458303635,35.62753036437247,35.53345388788427,37.238493723849366,42.16101694915254,40.794701986754966,39.0922401171303,28.37651387398436,32.69024651661307
2023,comuna,10,Servicio de Salud Metropolitano Occidente,13501,Melipilla,Bajo peso,1,14,8,8,2,2,3,0,5,4,409,456,49.0,904.0,1028.0,1177.0,939.0,826.0,619.0,531.0,396.0,290.0,4389.0,11148.0,2.0408163265306123,1.5486725663716814,0.7782101167315175,0.6796941376380629,0.21299254526091588,0.24213075060532688,0.48465266558966075,0.0,1.2626262626262625,1.3793103448275863,9.318751424014582,4.090419806243272
2023,comuna,10,Servicio de Salud Metropolitano Occidente,13501,Melipilla,Normal,23,288,255,239,176,137,96,72,75,61,1682,3104,49.0,904.0,1028.0,1177.0,939.0,826.0,619.0,531.0,396.0,290.0,4389.0,11148.0,46.93877551020408,31.858407079646017,24.80544747081712,20.305862361937127,18.743343982960596,16.585956416464892,15.508885298869144,13.559322033898304,18.939393939393938,21.03448275862069,38.32308042834359,27.84355938284894
2023,comuna,10,Servicio de Salud Metropolitano Occidente,13501,Melipilla,Obesidad,13,300,396,491,403,375,271,219,135,89,999,3691,49.0,904.0,1028.0,1177.0,939.0,826.0,619.0,531.0,396.0,290.0,4389.0,11148.0,26.53061224489796,33.1858407079646,38.52140077821012,41.716227697536105,42.91799787007455,45.39951573849879,43.780290791599356,41.24293785310734,34.090909090909086,30.689655172413794,22.761449077238552,33.10907786149982
2023,comuna,10,Servicio de Salud Metropolitano Occidente,13501,Melipilla,Sobrepeso,12,302,369,439,358,312,249,240,181,136,1299,3897,49.0,904.0,1028.0,1177.0,939.0,826.0,619.0,531.0,396.0,290.0,4389.0,11148.0,24.489795918367346,33.4070796460177,35.89494163424124,37.2982158028887,38.12566560170394,37.77239709443099,40.22617124394184,45.19774011299435,45.707070707070706,46.89655172413793,29.59671907040328,34.95694294940797
2023,comuna,10,Servicio de Salud Metropolitano Occidente,13502,Alhué,Bajo peso,0,2,3,1,2,0,0,1,0,0,45,54,11.0,84.0,134.0,140.0,94.0,83.0,55.0,50.0,39.0,20.0,561.0,1271.0,0.0,2.380952380952381,2.2388059701492535,0.7142857142857143,2.127659574468085,0.0,0.0,2.0,0.0,0.0,8.02139037433155,4.248623131392605
2023,comuna,10,Servicio de Salud Metropolitano Occidente,13502,Alhué,Normal,6,34,52,47,18,17,10,12,6,3,211,416,11.0,84.0,134.0,140.0,94.0,83.0,55.0,50.0,39.0,20.0,561.0,1271.0,54.54545454545454,40.476190476190474,38.80597014925373,33.57142857142857,19.148936170212767,20.481927710843372,18.181818181818183,24.0,15.384615384615385,15.0,37.61140819964349,32.73013375295044
2023,comuna,10,Servicio de Salud Metropolitano Occidente,13502,Alhué,Obesidad,4,25,29,35,34,29,21,21,13,8,145,364,11.0,84.0,134.0,140.0,94.0,83.0,55.0,50.0,39.0,20.0,561.0,1271.0,36.36363636363637,29.761904761904763,21.641791044776117,25.0,36.17021276595745,34.93975903614458,38.18181818181819,42.0,33.33333333333333,40.0,25.846702317290553,28.638867033831627
2023,comuna,10,Servicio de Salud Metropolitano Occidente,13502,Alhué,Sobrepeso,1,23,50,57,40,37,24,16,20,9,160,437,11.0,84.0,134.0,140.0,94.0,83.0,55.0,50.0,39.0,20.0,561.0,1271.0,9.090909090909092,27.380952380952383,37.3134328358209,40.714285714285715,42.5531914893617,44.57831325301205,43.63636363636363,32.0,51.28205128205128,45.0,28.520499108734406,34.382376081825335
2023,comuna,10,Servicio de Salud Metropolitano Occidente,13503,Curacaví,Bajo peso,0,0,1,2,0,0,0,0,0,0,47,50,5.0,40.0,44.0,62.0,65.0,49.0,42.0,39.0,40.0,34.0,604.0,1024.0,0.0,0.0,2.272727272727273,3.225806451612903,0.0,0.0,0.0,0.0,0.0,0.0,7.781456953642383,4.8828125
2023,comuna,10,Servicio de Salud Metropolitano Occidente,13503,Curacaví,Normal,1,9,10,9,14,8,4,5,5,6,243,314,5.0,40.0,44.0,62.0,65.0,49.0,42.0,39.0,40.0,34.0,604.0,1024.0,20.0,22.5,22.727272727272727,14.516129032258066,21.53846153846154,16.3265306122449,9.523809523809524,12.82051282051282,12.5,17.647058823529413,40.2317880794702,30.6640625
2023,comuna,10,Servicio de Salud Metropolitano Occidente,13503,Curacaví,Obesidad,1,17,18,30,30,23,21,18,20,10,149,337,5.0,40.0,44.0,62.0,65.0,49.0,42.0,39.0,40.0,34.0,604.0,1024.0,20.0,42.5,40.909090909090914,48.38709677419355,46.15384615384615,46.93877551020408,50.0,46.15384615384615,50.0,29.411764705882355,24.668874172185433,32.91015625
2023,comuna,10,Servicio de Salud Metropolitano Occidente,13503,Curacaví,Sobrepeso,3,14,15,21,21,18,17,16,15,18,165,323,5.0,40.0,44.0,62.0,65.0,49.0,42.0,39.0,40.0,34.0,604.0,1024.0,60.0,35.0,34.090909090909086,33.87096774193548,32.30769230769231,36.734693877551024,40.476190476190474,41.02564102564102,37.5,52.94117647058824,27.31788079470199,31.54296875
2023,comuna,10,Servicio de Salud Metropolitano Occidente,13504,Maria Pinto,Bajo peso,0,2,0,0,0,0,0,0,1,2,66,71,17.0,122.0,137.0,121.0,130.0,110.0,110.0,86.0,78.0,85.0,1074.0,2070.0,0.0,1.639344262295082,0.0,0.0,0.0,0.0,0.0,0.0,1.282051282051282,2.3529411764705883,6.145251396648044,3.429951690821256
2023,comuna,10,Servicio de Salud Metropolitano Occidente,13504,Maria Pinto,Normal,6,27,30,26,17,12,12,19,14,26,465,654,17.0,122.0,137.0,121.0,130.0,110.0,110.0,86.0,78.0,85.0,1074.0,2070.0,35.294117647058826,22.131147540983605,21.897810218978105,21.487603305785125,13.076923076923078,10.909090909090908,10.909090909090908,22.093023255813954,17.94871794871795,30.58823529411765,43.296089385474865,31.594202898550726
2023,comuna,10,Servicio de Salud Metropolitano Occidente,13504,Maria Pinto,Obesidad,9,50,54,54,64,51,52,29,30,29,273,695,17.0,122.0,137.0,121.0,130.0,110.0,110.0,86.0,78.0,85.0,1074.0,2070.0,52.94117647058824,40.98360655737705,39.416058394160586,44.62809917355372,49.23076923076923,46.36363636363636,47.27272727272727,33.72093023255814,38.46153846153847,34.11764705882353,25.41899441340782,33.57487922705314
2023,comuna,10,Servicio de Salud Metropolitano Occidente,13504,Maria Pinto,Sobrepeso,2,43,53,41,49,47,46,38,33,28,270,650,17.0,122.0,137.0,121.0,130.0,110.0,110.0,86.0,78.0,85.0,1074.0,2070.0,11.76470588235294,35.24590163934426,38.68613138686132,33.88429752066116,37.69230769230769,42.72727272727273,41.81818181818181,44.18604651162791,42.30769230769231,32.94117647058823,25.139664804469277,31.40096618357488
2023,comuna,10,Servicio de Salud Metropolitano Occidente,13505,San Pedro,Bajo peso,0,1,0,6,2,1,1,1,1,1,13,27,7.0,62.0,73.0,104.0,112.0,108.0,74.0,76.0,52.0,43.0,392.0,1103.0,0.0,1.6129032258064515,0.0,5.769230769230769,1.7857142857142856,0.9259259259259258,1.3513513513513513,1.3157894736842104,1.9230769230769231,2.3255813953488373,3.316326530612245,2.447869446962829
2023,comuna,10,Servicio de Salud Metropolitano Occidente,13505,San Pedro,Normal,1,21,19,26,17,17,11,8,5,7,136,268,7.0,62.0,73.0,104.0,112.0,108.0,74.0,76.0,52.0,43.0,392.0,1103.0,14.285714285714285,33.87096774193548,26.027397260273972,25.0,15.178571428571427,15.74074074074074,14.864864864864865,10.526315789473683,9.615384615384617,16.27906976744186,34.69387755102041,24.2973708068903
2023,comuna,10,Servicio de Salud Metropolitano Occidente,13505,San Pedro,Obesidad,4,22,35,40,53,52,33,33,27,16,118,433,7.0,62.0,73.0,104.0,112.0,108.0,74.0,76.0,52.0,43.0,392.0,1103.0,57.14285714285714,35.483870967741936,47.94520547945205,38.46153846153847,47.32142857142857,48.148148148148145,44.5945945945946,43.42105263157895,51.92307692307693,37.2093023255814,30.102040816326532,39.25657298277425
2023,comuna,10,Servicio de Salud Metropolitano Occidente,13505,San Pedro,Sobrepeso,2,18,19,32,40,38,29,34,19,19,125,375,7.0,62.0,73.0,104.0,112.0,108.0,74.0,76.0,52.0,43.0,392.0,1103.0,28.57142857142857,29.03225806451613,26.027397260273972,30.76923076923077,35.714285714285715,35.18518518518518,39.189189189189186,44.73684210526316,36.53846153846153,44.18604651162791,31.887755102040817,33.998186763372615
2023,comuna,10,Servicio de Salud Metropolitano Occidente,13601,Talagante,Bajo peso,1,7,3,2,3,0,1,0,2,0,191,210,25.0,369.0,587.0,556.0,526.0,485.0,406.0,332.0,313.0,203.0,2623.0,6425.0,4.0,1.8970189701897018,0.5110732538330494,0.3597122302158274,0.5703422053231939,0.0,0.24630541871921183,0.0,0.6389776357827476,0.0,7.281738467403737,3.268482490272374
2023,comuna,10,Servicio de Salud Metropolitano Occidente,13601,Talagante,Normal,13,148,154,126,96,96,90,75,69,64,1037,1968,25.0,369.0,587.0,556.0,526.0,485.0,406.0,332.0,313.0,203.0,2623.0,6425.0,52.0,40.10840108401084,26.2350936967632,22.66187050359712,18.250950570342205,19.79381443298969,22.167487684729064,22.590361445783135,22.044728434504794,31.527093596059114,39.53488372093023,30.63035019455253
2023,comuna,10,Servicio de Salud Metropolitano Occidente,13601,Talagante,Obesidad,2,115,230,224,212,209,160,130,108,66,674,2130,25.0,369.0,587.0,556.0,526.0,485.0,406.0,332.0,313.0,203.0,2623.0,6425.0,8.0,31.16531165311653,39.182282793867124,40.28776978417266,40.3041825095057,43.09278350515464,39.40886699507389,39.1566265060241,34.504792332268366,32.51231527093596,25.69576820434617,33.15175097276264
2023,comuna,10,Servicio de Salud Metropolitano Occidente,13601,Talagante,Sobrepeso,9,99,200,204,215,180,155,127,134,73,721,2117,25.0,369.0,587.0,556.0,526.0,485.0,406.0,332.0,313.0,203.0,2623.0,6425.0,36.0,26.82926829268293,34.07155025553663,36.69064748201439,40.874524714828894,37.11340206185567,38.17733990147783,38.25301204819277,42.81150159744409,35.960591133004925,27.48760960731986,32.949416342412455
2023,comuna,10,Servicio de Salud Metropolitano Occidente,13602,El Monte,Bajo peso,0,3,0,2,1,1,2,3,1,1,145,159,22.0,266.0,250.0,324.0,273.0,248.0,226.0,206.0,166.0,139.0,1370.0,3490.0,0.0,1.1278195488721803,0.0,0.6172839506172839,0.3663003663003663,0.4032258064516129,0.8849557522123894,1.4563106796116505,0.6024096385542169,0.7194244604316548,10.583941605839415,4.555873925501433
2023,comuna,10,Servicio de Salud Metropolitano Occidente,13602,El Monte,Normal,11,89,60,62,53,39,40,39,36,35,462,926,22.0,266.0,250.0,324.0,273.0,248.0,226.0,206.0,166.0,139.0,1370.0,3490.0,50.0,33.45864661654135,24.0,19.1358024691358,19.413919413919416,15.725806451612904,17.699115044247787,18.932038834951456,21.686746987951807,25.179856115107913,33.72262773722628,26.532951289398284
2023,comuna,10,Servicio de Salud Metropolitano Occidente,13602,El Monte,Obesidad,7,94,99,132,119,99,98,78,60,48,346,1180,22.0,266.0,250.0,324.0,273.0,248.0,226.0,206.0,166.0,139.0,1370.0,3490.0,31.818181818181817,35.338345864661655,39.6,40.74074074074074,43.58974358974359,39.91935483870967,43.36283185840708,37.86407766990291,36.144578313253014,34.53237410071942,25.255474452554743,33.810888252149
2023,comuna,10,Servicio de Salud Metropolitano Occidente,13602,El Monte,Sobrepeso,4,80,91,128,100,109,86,86,69,55,417,1225,22.0,266.0,250.0,324.0,273.0,248.0,226.0,206.0,166.0,139.0,1370.0,3490.0,18.181818181818183,30.075187969924812,36.4,39.50617283950617,36.63003663003663,43.95161290322581,38.05309734513274,41.74757281553398,41.566265060240966,39.568345323741006,30.437956204379564,35.100286532951294
2023,comuna,10,Servicio de Salud Metropolitano Occidente,13603,Isla de Maipo,Bajo peso,1,5,1,4,0,2,0,3,2,1,189,208,12.0,228.0,244.0,282.0,273.0,244.0,200.0,170.0,152.0,118.0,1664.0,3587.0,8.333333333333332,2.1929824561403506,0.4098360655737705,1.4184397163120568,0.0,0.819672131147541,0.0,1.7647058823529411,1.3157894736842104,0.847457627118644,11.358173076923077,5.798717591301924
2023,comuna,10,Servicio de Salud Metropolitano Occidente,13603,Isla de Maipo,Normal,3,78,52,44,43,37,25,23,29,29,551,914,12.0,228.0,244.0,282.0,273.0,244.0,200.0,170.0,152.0,118.0,1664.0,3587.0,25.0,34.21052631578947,21.311475409836063,15.602836879432624,15.75091575091575,15.163934426229508,12.5,13.529411764705882,19.078947368421055,24.576271186440678,33.112980769230774,25.480903261778643
2023,comuna,10,Servicio de Salud Metropolitano Occidente,13603,Isla de Maipo,Obesidad,3,84,115,134,138,113,96,72,56,36,452,1299,12.0,228.0,244.0,282.0,273.0,244.0,200.0,170.0,152.0,118.0,1664.0,3587.0,25.0,36.84210526315789,47.13114754098361,47.5177304964539,50.54945054945055,46.31147540983606,48.0,42.35294117647059,36.84210526315789,30.508474576271187,27.163461538461537,36.21410649567884
2023,comuna,10,Servicio de Salud Metropolitano Occidente,13603,Isla de Maipo,Sobrepeso,5,61,76,100,92,92,79,72,65,52,472,1166,12.0,228.0,244.0,282.0,273.0,244.0,200.0,170.0,152.0,118.0,1664.0,3587.0,41.66666666666667,26.75438596491228,31.147540983606557,35.46099290780142,33.6996336996337,37.704918032786885,39.5,42.35294117647059,42.76315789473684,44.06779661016949,28.365384615384613,32.50627265124059
2023,comuna,10,Servicio de Salud Metropolitano Occidente,13604,Padre Hurtado,Bajo peso,4,7,4,5,2,4,1,2,5,6,261,301,140.0,482.0,519.0,565.0,498.0,442.0,374.0,327.0,296.0,180.0,2759.0,6582.0,2.857142857142857,1.4522821576763485,0.7707129094412332,0.8849557522123894,0.4016064257028112,0.904977375565611,0.267379679144385,0.6116207951070336,1.6891891891891893,3.3333333333333335,9.459949256977165,4.573078091765421
2023,comuna,10,Servicio de Salud Metropolitano Occidente,13604,Padre Hurtado,Normal,60,155,109,106,93,72,62,71,60,28,907,1723,140.0,482.0,519.0,565.0,498.0,442.0,374.0,327.0,296.0,180.0,2759.0,6582.0,42.857142857142854,32.15767634854772,21.001926782273603,18.761061946902654,18.67469879518072,16.289592760180994,16.577540106951872,21.712538226299692,20.27027027027027,15.555555555555555,32.87422979340341,26.177453661501065
2023,comuna,10,Servicio de Salud Metropolitano Occidente,13604,Padre Hurtado,Obesidad,44,166,228,250,229,191,169,131,116,63,707,2294,140.0,482.0,519.0,565.0,498.0,442.0,374.0,327.0,296.0,180.0,2759.0,6582.0,31.428571428571427,34.439834024896264,43.93063583815029,44.24778761061947,45.98393574297189,43.21266968325792,45.18716577540107,40.0611620795107,39.189189189189186,35.0,25.62522653135194,34.852628380431476
2023,comuna,10,Servicio de Salud Metropolitano Occidente,13604,Padre Hurtado,Sobrepeso,32,154,178,204,174,175,142,123,115,83,884,2264,140.0,482.0,519.0,565.0,498.0,442.0,374.0,327.0,296.0,180.0,2759.0,6582.0,22.857142857142858,31.950207468879665,34.296724470134876,36.10619469026549,34.93975903614458,39.59276018099548,37.967914438502675,37.61467889908257,38.85135135135135,46.111111111111114,32.04059441826749,34.39683986630204
2023,comuna,10,Servicio de Salud Metropolitano Occidente,13605,Peñaflor,Bajo peso,4,25,17,24,26,13,14,14,17,18,359,531,51.0,582.0,676.0,760.0,676.0,626.0,622.0,532.0,478.0,371.0,4068.0,9442.0,7.8431372549019605,4.29553264604811,2.514792899408284,3.1578947368421053,3.8461538461538463,2.07667731629393,2.2508038585209005,2.631578947368421,3.556485355648536,4.8517520215633425,8.824975417895772,5.623808515145097
2023,comuna,10,Servicio de Salud Metropolitano Occidente,13605,Peñaflor,Normal,17,203,175,151,129,88,105,99,86,91,1435,2579,51.0,582.0,676.0,760.0,676.0,626.0,622.0,532.0,478.0,371.0,4068.0,9442.0,33.33333333333333,34.87972508591065,25.88757396449704,19.86842105263158,19.08284023668639,14.057507987220447,16.881028938906752,18.60902255639098,17.99163179916318,24.528301886792452,35.27531956735497,27.31412836263504
2023,comuna,10,Servicio de Salud Metropolitano Occidente,13605,Peñaflor,Obesidad,16,171,236,305,275,275,243,198,167,111,1010,3007,51.0,582.0,676.0,760.0,676.0,626.0,622.0,532.0,478.0,371.0,4068.0,9442.0,31.372549019607842,29.381443298969074,34.9112426035503,40.131578947368425,40.680473372781066,43.9297124600639,39.067524115755624,37.21804511278196,34.93723849372385,29.919137466307276,24.82792527040315,31.847066299512818
2023,comuna,10,Servicio de Salud Metropolitano Occidente,13605,Peñaflor,Sobrepeso,14,183,248,280,246,250,260,221,208,151,1264,3325,51.0,582.0,676.0,760.0,676.0,626.0,622.0,532.0,478.0,371.0,4068.0,9442.0,27.450980392156865,31.443298969072163,36.68639053254438,36.84210526315789,36.3905325443787,39.936102236421725,41.80064308681672,41.54135338345865,43.51464435146444,40.700808625336926,31.071779744346117,35.21499682270705
2023,comuna,11,Servicio de Salud Metropolitano Central,13101,Santiago,Bajo peso,8,43,46,18,22,14,17,15,7,39,1455,1684,118.0,1371.0,1968.0,2276.0,2056.0,1917.0,1705.0,1694.0,1535.0,1531.0,11628.0,27799.0,6.779661016949152,3.1363967906637495,2.33739837398374,0.7908611599297013,1.0700389105058365,0.7303077725612936,0.997067448680352,0.885478158205431,0.4560260586319218,2.5473546701502285,12.512899896800825,6.057771862297205
2023,comuna,11,Servicio de Salud Metropolitano Central,13101,Santiago,Normal,65,626,701,676,545,499,384,397,401,445,4754,9493,118.0,1371.0,1968.0,2276.0,2056.0,1917.0,1705.0,1694.0,1535.0,1531.0,11628.0,27799.0,55.08474576271186,45.66010211524435,35.61991869918699,29.701230228471005,26.507782101167315,26.0302556077204,22.521994134897362,23.435655253837073,26.123778501628664,29.06596995427825,40.88407292741658,34.14871038526566
2023,comuna,11,Servicio de Salud Metropolitano Central,13101,Santiago,Obesidad,27,307,547,784,707,647,601,571,526,438,2235,7390,118.0,1371.0,1968.0,2276.0,2056.0,1917.0,1705.0,1694.0,1535.0,1531.0,11628.0,27799.0,22.88135593220339,22.39241429613421,27.794715447154474,34.44639718804921,34.38715953307393,33.750652060511214,35.24926686217009,33.70720188902007,34.267100977198695,28.608752449379494,19.220846233230134,26.58369006079355
2023,comuna,11,Servicio de Salud Metropolitano Central,13101,Santiago,Sobrepeso,18,395,674,798,782,757,703,711,601,609,3184,9232,118.0,1371.0,1968.0,2276.0,2056.0,1917.0,1705.0,1694.0,1535.0,1531.0,11628.0,27799.0,15.254237288135593,28.811086797957696,34.2479674796748,35.06151142355009,38.035019455252915,39.4887845592071,41.231671554252195,41.97166469893743,39.153094462540714,39.77792292619203,27.38218094255246,33.20982769164358
2023,comuna,11,Servicio de Salud Metropolitano Central,13102,Cerrillos,Bajo peso,12,20,16,13,13,6,5,3,7,4,222,321,317.0,291.0,327.0,333.0,285.0,288.0,234.0,289.0,240.0,221.0,2669.0,5494.0,3.7854889589905363,6.872852233676976,4.892966360856269,3.903903903903904,4.56140350877193,2.083333333333333,2.1367521367521367,1.0380622837370241,2.9166666666666665,1.809954751131222,8.317721993255901,5.84273753185293
2023,comuna,11,Servicio de Salud Metropolitano Central,13102,Cerrillos,Normal,144,88,97,78,60,51,48,55,60,62,1018,1761,317.0,291.0,327.0,333.0,285.0,288.0,234.0,289.0,240.0,221.0,2669.0,5494.0,45.42586750788644,30.240549828178693,29.66360856269113,23.423423423423422,21.052631578947366,17.708333333333336,20.51282051282051,19.031141868512112,25.0,28.054298642533936,38.141626077182465,32.05314888969785
2023,comuna,11,Servicio de Salud Metropolitano Central,13102,Cerrillos,Obesidad,74,97,114,113,115,116,81,99,86,64,589,1548,317.0,291.0,327.0,333.0,285.0,288.0,234.0,289.0,240.0,221.0,2669.0,5494.0,23.34384858044164,33.33333333333333,34.862385321100916,33.933933933933936,40.35087719298245,40.27777777777778,34.61538461538461,34.2560553633218,35.833333333333336,28.95927601809955,22.068190333458222,28.176192209683293
2023,comuna,11,Servicio de Salud Metropolitano Central,13102,Cerrillos,Sobrepeso,87,86,100,129,97,115,100,132,87,91,840,1864,317.0,291.0,327.0,333.0,285.0,288.0,234.0,289.0,240.0,221.0,2669.0,5494.0,27.444794952681388,29.553264604810998,30.58103975535168,38.73873873873874,34.03508771929825,39.93055555555556,42.73504273504273,45.674740484429066,36.25,41.17647058823529,31.472461596103408,33.92792136876593
2023,comuna,11,Servicio de Salud Metropolitano Central,13106,Estación Central,Bajo peso,2,16,8,13,6,4,4,4,7,9,316,389,56.0,531.0,822.0,921.0,757.0,601.0,578.0,566.0,576.0,509.0,3939.0,9856.0,3.571428571428571,3.0131826741996233,0.9732360097323601,1.4115092290988056,0.7926023778071334,0.6655574043261231,0.6920415224913495,0.7067137809187279,1.215277777777778,1.768172888015717,8.022340695608023,3.9468344155844153
2023,comuna,11,Servicio de Salud Metropolitano Central,13106,Estación Central,Normal,28,200,201,199,166,108,95,101,108,124,1502,2832,56.0,531.0,822.0,921.0,757.0,601.0,578.0,566.0,576.0,509.0,3939.0,9856.0,50.0,37.664783427495294,24.45255474452555,21.606948968512487,21.92866578599736,17.970049916805326,16.43598615916955,17.84452296819788,18.75,24.361493123772103,38.13150545823813,28.733766233766232
2023,comuna,11,Servicio de Salud Metropolitano Central,13106,Estación Central,Obesidad,13,143,307,362,321,240,268,242,211,154,977,3238,56.0,531.0,822.0,921.0,757.0,601.0,578.0,566.0,576.0,509.0,3939.0,9856.0,23.214285714285715,26.93032015065913,37.34793187347932,39.30510314875136,42.40422721268164,39.93344425956739,46.36678200692042,42.75618374558304,36.63194444444444,30.25540275049116,24.803249555724804,32.85308441558442
2023,comuna,11,Servicio de Salud Metropolitano Central,13106,Estación Central,Sobrepeso,13,172,306,347,264,249,211,219,250,222,1144,3397,56.0,531.0,822.0,921.0,757.0,601.0,578.0,566.0,576.0,509.0,3939.0,9856.0,23.214285714285715,32.39171374764595,37.22627737226277,37.67643865363735,34.87450462351387,41.43094841930117,36.50519031141869,38.69257950530035,43.40277777777778,43.614931237721024,29.042904290429046,34.466314935064936
2023,comuna,11,Servicio de Salud Metropolitano Central,13119,Maipú,Bajo peso,9,85,59,40,31,13,19,21,25,35,1813,2150,324.0,2851.0,3017.0,3014.0,2707.0,2469.0,2199.0,2259.0,2438.0,2264.0,19181.0,42723.0,2.7777777777777777,2.981410031567871,1.95558501823003,1.3271400132714002,1.1451791651274472,0.5265289590927501,0.8640291041382447,0.9296148738379815,1.0254306808859721,1.5459363957597174,9.452061936291122,5.032418135430564
2023,comuna,11,Servicio de Salud Metropolitano Central,13119,Maipú,Normal,150,1115,922,721,598,513,399,448,521,602,7268,13257,324.0,2851.0,3017.0,3014.0,2707.0,2469.0,2199.0,2259.0,2438.0,2264.0,19181.0,42723.0,46.2962962962963,39.10908453174325,30.560159098442163,23.921698739216986,22.09087550794237,20.77764277035237,18.144611186903138,19.83178397521027,21.369975389663658,26.59010600706714,37.8916636254627,31.030124289024645
2023,comuna,11,Servicio de Salud Metropolitano Central,13119,Maipú,Obesidad,67,807,1011,1208,1113,1026,882,885,863,690,4445,12997,324.0,2851.0,3017.0,3014.0,2707.0,2469.0,2199.0,2259.0,2438.0,2264.0,19181.0,42723.0,20.679012345679013,28.305857593826726,33.51010938017899,40.07962840079629,41.11562615441448,41.55528554070474,40.10914051841746,39.176626826029214,35.39786710418375,30.47703180212014,23.173974245346958,30.421552793577227
2023,comuna,11,Servicio de Salud Metropolitano Central,13119,Maipú,Sobrepeso,98,844,1025,1045,965,917,899,905,1029,937,5655,14319,324.0,2851.0,3017.0,3014.0,2707.0,2469.0,2199.0,2259.0,2438.0,2264.0,19181.0,42723.0,30.246913580246915,29.603647842862152,33.97414650314882,34.67153284671533,35.648319172515706,37.14054272985014,40.88221919054115,40.06197432492253,42.206726825266614,41.386925795053,29.482300192899224,33.515904781967556
2023,comuna,12,Servicio de Salud Metropolitano Oriente,13113,La Reina,Bajo peso,1,5,2,1,3,2,2,5,2,2,504,529,11.0,299.0,279.0,296.0,256.0,273.0,300.0,337.0,289.0,266.0,3861.0,6467.0,9.090909090909092,1.6722408026755853,0.7168458781362007,0.33783783783783783,1.171875,0.7326007326007326,0.6666666666666667,1.483679525222552,0.6920415224913495,0.7518796992481203,13.053613053613052,8.179990722127725
2023,comuna,12,Servicio de Salud Metropolitano Oriente,13113,La Reina,Normal,5,114,80,81,58,54,64,76,71,82,1557,2242,11.0,299.0,279.0,296.0,256.0,273.0,300.0,337.0,289.0,266.0,3861.0,6467.0,45.45454545454545,38.12709030100335,28.673835125448026,27.364864864864863,22.65625,19.78021978021978,21.333333333333336,22.551928783382788,24.567474048442904,30.82706766917293,40.32634032634033,34.66831606618215
2023,comuna,12,Servicio de Salud Metropolitano Oriente,13113,La Reina,Obesidad,3,95,96,116,90,108,120,130,100,64,803,1725,11.0,299.0,279.0,296.0,256.0,273.0,300.0,337.0,289.0,266.0,3861.0,6467.0,27.27272727272727,31.77257525083612,34.40860215053764,39.189189189189186,35.15625,39.56043956043956,40.0,38.57566765578635,34.602076124567475,24.06015037593985,20.7977207977208,26.673882789546933
2023,comuna,12,Servicio de Salud Metropolitano Oriente,13113,La Reina,Sobrepeso,2,85,101,98,105,109,114,126,116,118,997,1971,11.0,299.0,279.0,296.0,256.0,273.0,300.0,337.0,289.0,266.0,3861.0,6467.0,18.181818181818183,28.428093645484946,36.200716845878134,33.108108108108105,41.015625,39.92673992673993,38.0,37.388724035608305,40.13840830449827,44.3609022556391,25.82232582232582,30.477810422143186
2023,comuna,12,Servicio de Salud Metropolitano Oriente,13114,Las Condes,Bajo peso,12,29,19,13,7,6,9,10,8,31,1255,1399,242.0,529.0,559.0,593.0,538.0,534.0,628.0,647.0,650.0,612.0,8371.0,13903.0,4.958677685950414,5.482041587901701,3.3989266547406083,2.1922428330522767,1.3011152416356877,1.1235955056179776,1.4331210191082804,1.545595054095827,1.2307692307692308,5.065359477124183,14.992235097359933,10.062576422354889
2023,comuna,12,Servicio de Salud Metropolitano Oriente,13114,Las Condes,Normal,136,251,196,201,166,175,165,181,185,200,3720,5576,242.0,529.0,559.0,593.0,538.0,534.0,628.0,647.0,650.0,612.0,8371.0,13903.0,56.19834710743802,47.44801512287334,35.062611806797854,33.895446880269816,30.855018587360593,32.77153558052434,26.273885350318473,27.97527047913447,28.46153846153846,32.6797385620915,44.43913510930594,40.10645184492556
2023,comuna,12,Servicio de Salud Metropolitano Oriente,13114,Las Condes,Obesidad,40,106,147,164,152,149,188,164,177,155,1262,2704,242.0,529.0,559.0,593.0,538.0,534.0,628.0,647.0,650.0,612.0,8371.0,13903.0,16.528925619834713,20.03780718336484,26.29695885509839,27.65598650927487,28.25278810408922,27.902621722846444,29.936305732484076,25.347758887171562,27.23076923076923,25.326797385620914,15.075857125791423,19.449039775588002
2023,comuna,12,Servicio de Salud Metropolitano Oriente,13114,Las Condes,Sobrepeso,54,143,197,215,213,204,266,292,280,226,2134,4224,242.0,529.0,559.0,593.0,538.0,534.0,628.0,647.0,650.0,612.0,8371.0,13903.0,22.31404958677686,27.032136105860115,35.241502683363144,36.25632377740304,39.5910780669145,38.20224719101123,42.35668789808918,45.13137557959814,43.07692307692308,36.9281045751634,25.492772667542706,30.381931957131552
2023,comuna,12,Servicio de Salud Metropolitano Oriente,13115,Lo Barnechea,Bajo peso,5,7,6,4,5,1,4,1,3,3,201,240,40.0,228.0,265.0,306.0,278.0,290.0,294.0,260.0,227.0,133.0,2441.0,4762.0,12.5,3.070175438596491,2.2641509433962264,1.3071895424836601,1.7985611510791366,0.3448275862068966,1.3605442176870748,0.38461538461538464,1.3215859030837005,2.2556390977443606,8.23433019254404,5.03989920201596
2023,comuna,12,Servicio de Salud Metropolitano Oriente,13115,Lo Barnechea,Normal,16,88,71,75,49,80,62,43,46,37,870,1437,40.0,228.0,265.0,306.0,278.0,290.0,294.0,260.0,227.0,133.0,2441.0,4762.0,40.0,38.59649122807017,26.79245283018868,24.509803921568626,17.62589928057554,27.586206896551722,21.08843537414966,16.538461538461537,20.26431718061674,27.819548872180448,35.64113068414584,30.17639647207056
2023,comuna,12,Servicio de Salud Metropolitano Oriente,13115,Lo Barnechea,Obesidad,11,77,104,116,114,106,110,83,72,35,604,1432,40.0,228.0,265.0,306.0,278.0,290.0,294.0,260.0,227.0,133.0,2441.0,4762.0,27.500000000000004,33.771929824561404,39.24528301886793,37.908496732026144,41.007194244604314,36.55172413793103,37.41496598639456,31.92307692307692,31.718061674008812,26.31578947368421,24.743957394510446,30.071398572028556
2023,comuna,12,Servicio de Salud Metropolitano Oriente,13115,Lo Barnechea,Sobrepeso,8,56,84,111,110,103,118,133,106,58,766,1653,40.0,228.0,265.0,306.0,278.0,290.0,294.0,260.0,227.0,133.0,2441.0,4762.0,20.0,24.561403508771928,31.69811320754717,36.27450980392157,39.568345323741006,35.51724137931034,40.136054421768705,51.153846153846146,46.69603524229075,43.609022556390975,31.380581728799672,34.71230575388492
2023,comuna,12,Servicio de Salud Metropolitano Oriente,13118,Macul,Bajo peso,5,47,14,24,15,13,13,5,12,12,840,1000,118.0,1296.0,1442.0,1521.0,1292.0,1103.0,1078.0,1032.0,1014.0,935.0,8709.0,19540.0,4.23728813559322,3.6265432098765435,0.9708737864077669,1.5779092702169626,1.1609907120743035,1.1786038077969174,1.2059369202226344,0.4844961240310077,1.183431952662722,1.2834224598930482,9.645194626248708,5.117707267144319
2023,comuna,12,Servicio de Salud Metropolitano Oriente,13118,Macul,Normal,49,514,477,438,367,292,248,238,262,281,3849,7015,118.0,1296.0,1442.0,1521.0,1292.0,1103.0,1078.0,1032.0,1014.0,935.0,8709.0,19540.0,41.52542372881356,39.660493827160494,33.079056865464636,28.79684418145957,28.405572755417957,26.473254759746144,23.00556586270872,23.06201550387597,25.83826429980276,30.053475935828878,44.195659662418194,35.900716479017404
2023,comuna,12,Servicio de Salud Metropolitano Oriente,13118,Macul,Obesidad,22,340,458,556,481,366,372,359,308,236,1765,5263,118.0,1296.0,1442.0,1521.0,1292.0,1103.0,1078.0,1032.0,1014.0,935.0,8709.0,19540.0,18.64406779661017,26.234567901234566,31.761442441054093,36.55489809335963,37.22910216718267,33.18223028105168,34.50834879406308,34.786821705426355,30.37475345167653,25.240641711229944,20.266391089677345,26.934493346980553
2023,comuna,12,Servicio de Salud Metropolitano Oriente,13118,Macul,Sobrepeso,42,395,493,503,429,432,445,430,432,406,2255,6262,118.0,1296.0,1442.0,1521.0,1292.0,1103.0,1078.0,1032.0,1014.0,935.0,8709.0,19540.0,35.59322033898305,30.478395061728396,34.18862690707351,33.070348454963835,33.204334365325074,39.16591115140526,41.28014842300556,41.66666666666667,42.60355029585799,43.42245989304813,25.892754621655754,32.047082906857725
2023,comuna,12,Servicio de Salud Metropolitano Oriente,13120,Ñuñoa,Bajo peso,0,36,21,18,7,8,9,7,7,16,1016,1145,22.0,814.0,945.0,1035.0,882.0,787.0,629.0,594.0,591.0,702.0,7737.0,14738.0,0.0,4.422604422604422,2.2222222222222223,1.7391304347826086,0.7936507936507936,1.0165184243964422,1.4308426073131957,1.1784511784511784,1.1844331641285957,2.2792022792022792,13.131704795140237,7.769032433165965
2023,comuna,12,Servicio de Salud Metropolitano Oriente,13120,Ñuñoa,Normal,11,363,372,380,288,274,169,162,172,220,3422,5833,22.0,814.0,945.0,1035.0,882.0,787.0,629.0,594.0,591.0,702.0,7737.0,14738.0,50.0,44.5945945945946,39.36507936507937,36.71497584541063,32.6530612244898,34.81575603557815,26.86804451510334,27.27272727272727,29.103214890016922,31.339031339031337,44.22902933953729,39.577961731578235
2023,comuna,12,Servicio de Salud Metropolitano Oriente,13120,Ñuñoa,Obesidad,6,176,248,291,271,221,214,162,168,177,1282,3216,22.0,814.0,945.0,1035.0,882.0,787.0,629.0,594.0,591.0,702.0,7737.0,14738.0,27.27272727272727,21.62162162162162,26.24338624338624,28.115942028985508,30.725623582766442,28.081321473951714,34.02225755166931,27.27272727272727,28.426395939086298,25.213675213675213,16.569729869458445,21.821142624508074
2023,comuna,12,Servicio de Salud Metropolitano Oriente,13120,Ñuñoa,Sobrepeso,5,239,304,346,316,284,237,263,244,289,2017,4544,22.0,814.0,945.0,1035.0,882.0,787.0,629.0,594.0,591.0,702.0,7737.0,14738.0,22.727272727272727,29.361179361179364,32.16931216931217,33.429951690821255,35.827664399092974,36.0864040660737,37.67885532591415,44.27609427609428,41.28595600676819,41.168091168091166,26.06953599586403,30.831863210747727
2023,comuna,12,Servicio de Salud Metropolitano Oriente,13122,Peñalolén,Bajo peso,75,70,43,30,21,14,18,19,18,25,1617,1950,834.0,2037.0,2183.0,2150.0,1784.0,1750.0,1725.0,1676.0,1371.0,1069.0,14132.0,30711.0,8.992805755395683,3.436426116838488,1.9697663765460376,1.3953488372093024,1.1771300448430493,0.8,1.0434782608695654,1.133651551312649,1.312910284463895,2.3386342376052385,11.44211718086612,6.349516459900362
2023,comuna,12,Servicio de Salud Metropolitano Oriente,13122,Peñalolén,Normal,364,643,556,418,332,280,280,301,275,254,4680,8383,834.0,2037.0,2183.0,2150.0,1784.0,1750.0,1725.0,1676.0,1371.0,1069.0,14132.0,30711.0,43.645083932853716,31.566028473244966,25.469537333944114,19.441860465116278,18.609865470852018,16.0,16.231884057971012,17.959427207637233,20.058351568198397,23.760523854069223,33.11633172940843,27.296408452997294
2023,comuna,12,Servicio de Salud Metropolitano Oriente,13122,Peñalolén,Obesidad,191,712,897,975,797,798,751,659,476,345,3739,10340,834.0,2037.0,2183.0,2150.0,1784.0,1750.0,1725.0,1676.0,1371.0,1069.0,14132.0,30711.0,22.90167865707434,34.95336278841433,41.09024278515804,45.348837209302324,44.67488789237668,45.6,43.53623188405797,39.31980906921241,34.719183078045226,32.27315247895229,26.457684687234647,33.66871804890756
2023,comuna,12,Servicio de Salud Metropolitano Oriente,13122,Peñalolén,Sobrepeso,204,612,687,727,634,658,676,697,602,445,4096,10038,834.0,2037.0,2183.0,2150.0,1784.0,1750.0,1725.0,1676.0,1371.0,1069.0,14132.0,30711.0,24.46043165467626,30.04418262150221,31.47045350435181,33.81395348837209,35.53811659192825,37.6,39.18840579710145,41.58711217183771,43.90955506929249,41.62768942937324,28.983866402490797,32.68535703819479
2023,comuna,12,Servicio de Salud Metropolitano Oriente,13123,Providencia,Bajo peso,16,16,14,12,13,8,7,9,8,6,1143,1252,104.0,444.0,669.0,784.0,714.0,645.0,593.0,577.0,541.0,586.0,7235.0,12892.0,15.384615384615385,3.6036036036036037,2.092675635276532,1.530612244897959,1.8207282913165268,1.2403100775193798,1.1804384485666104,1.559792027729636,1.478743068391867,1.023890784982935,15.798203178991017,9.71144896059572
2023,comuna,12,Servicio de Salud Metropolitano Oriente,13123,Providencia,Normal,56,239,294,356,277,257,192,178,171,214,3403,5637,104.0,444.0,669.0,784.0,714.0,645.0,593.0,577.0,541.0,586.0,7235.0,12892.0,53.84615384615385,53.82882882882883,43.946188340807176,45.40816326530612,38.79551820728292,39.84496124031008,32.377740303541316,30.849220103986134,31.608133086876155,36.51877133105802,47.03524533517623,43.72479056779398
2023,comuna,12,Servicio de Salud Metropolitano Oriente,13123,Providencia,Obesidad,13,71,145,167,166,144,169,153,151,140,995,2314,104.0,444.0,669.0,784.0,714.0,645.0,593.0,577.0,541.0,586.0,7235.0,12892.0,12.5,15.99099099099099,21.674140508221225,21.301020408163264,23.249299719887954,22.325581395348838,28.499156829679595,26.51646447140381,27.911275415896487,23.890784982935152,13.75259156876296,17.949115730685698
2023,comuna,12,Servicio de Salud Metropolitano Oriente,13123,Providencia,Sobrepeso,19,118,216,249,258,236,225,237,211,226,1694,3689,104.0,444.0,669.0,784.0,714.0,645.0,593.0,577.0,541.0,586.0,7235.0,12892.0,18.269230769230766,26.576576576576578,32.28699551569507,31.760204081632654,36.134453781512605,36.58914728682171,37.94266441821248,41.074523396880416,39.00184842883549,38.56655290102389,23.4139599170698,28.614644740924604
2023,comuna,12,Servicio de Salud Metropolitano Oriente,13132,Vitacura,Bajo peso,0,7,5,4,4,0,0,2,2,9,348,381,0.0,149.0,147.0,176.0,198.0,237.0,277.0,362.0,310.0,234.0,2245.0,4335.0,,4.697986577181208,3.4013605442176873,2.272727272727273,2.0202020202020203,0.0,0.0,0.5524861878453038,0.6451612903225806,3.8461538461538463,15.5011135857461,8.788927335640139
2023,comuna,12,Servicio de Salud Metropolitano Oriente,13132,Vitacura,Normal,0,96,57,77,66,81,78,110,100,70,990,1725,0.0,149.0,147.0,176.0,198.0,237.0,277.0,362.0,310.0,234.0,2245.0,4335.0,,64.42953020134227,38.775510204081634,43.75,33.33333333333333,34.177215189873415,28.158844765342963,30.386740331491712,32.25806451612903,29.914529914529915,44.097995545657014,39.792387543252595
2023,comuna,12,Servicio de Salud Metropolitano Oriente,13132,Vitacura,Obesidad,0,7,45,42,48,66,75,88,78,54,357,860,0.0,149.0,147.0,176.0,198.0,237.0,277.0,362.0,310.0,234.0,2245.0,4335.0,,4.697986577181208,30.612244897959183,23.863636363636363,24.242424242424242,27.848101265822784,27.075812274368232,24.30939226519337,25.161290322580644,23.076923076923077,15.902004454342986,19.83852364475202
2023,comuna,12,Servicio de Salud Metropolitano Oriente,13132,Vitacura,Sobrepeso,0,39,40,53,80,90,124,162,130,101,550,1369,0.0,149.0,147.0,176.0,198.0,237.0,277.0,362.0,310.0,234.0,2245.0,4335.0,,26.174496644295303,27.2108843537415,30.113636363636363,40.4040404040404,37.9746835443038,44.765342960288805,44.751381215469614,41.935483870967744,43.162393162393165,24.4988864142539,31.58016147635525
2023,comuna,13,Servicio de Salud Metropolitano Sur,13105,El Bosque,Bajo peso,10,48,31,18,11,10,11,6,9,21,1438,1613,172.0,2432.0,2574.0,2699.0,2179.0,1935.0,1560.0,1387.0,1229.0,1070.0,10713.0,27950.0,5.813953488372093,1.9736842105263157,1.2043512043512044,0.6669136717302705,0.5048187241854061,0.516795865633075,0.7051282051282052,0.43258832011535686,0.7323026851098454,1.9626168224299065,13.422944086623728,5.7710196779964225
2023,comuna,13,Servicio de Salud Metropolitano Sur,13105,El Bosque,Normal,48,743,628,520,339,288,211,203,228,218,3271,6697,172.0,2432.0,2574.0,2699.0,2179.0,1935.0,1560.0,1387.0,1229.0,1070.0,10713.0,27950.0,27.906976744186046,30.550986842105267,24.397824397824397,19.266394961096704,15.557595227168425,14.883720930232558,13.525641025641026,14.635904830569574,18.55166802278275,20.373831775700936,30.532997293008496,23.960644007155636
2023,comuna,13,Servicio de Salud Metropolitano Sur,13105,El Bosque,Obesidad,63,876,1083,1200,1027,870,737,603,452,391,2679,9981,172.0,2432.0,2574.0,2699.0,2179.0,1935.0,1560.0,1387.0,1229.0,1070.0,10713.0,27950.0,36.627906976744185,36.01973684210527,42.074592074592076,44.4609114486847,47.1317117944011,44.96124031007752,47.243589743589745,43.47512617159337,36.77786818551668,36.54205607476636,25.00700084010081,35.71019677996422
2023,comuna,13,Servicio de Salud Metropolitano Sur,13105,El Bosque,Sobrepeso,51,765,832,961,802,767,601,575,540,440,3325,9659,172.0,2432.0,2574.0,2699.0,2179.0,1935.0,1560.0,1387.0,1229.0,1070.0,10713.0,27950.0,29.651162790697676,31.455592105263158,32.323232323232325,35.60577991848833,36.80587425424507,39.638242894056845,38.52564102564103,41.4563806777217,43.93816110659073,41.1214953271028,31.037057780266963,34.55813953488372
2023,comuna,13,Servicio de Salud Metropolitano Sur,13109,La Cisterna,Bajo peso,0,17,10,8,5,1,1,3,4,5,473,527,0.0,731.0,963.0,1017.0,878.0,768.0,603.0,556.0,471.0,470.0,5007.0,11464.0,,2.3255813953488373,1.0384215991692627,0.7866273352999017,0.5694760820045558,0.13020833333333331,0.16583747927031509,0.539568345323741,0.8492569002123143,1.0638297872340425,9.446774515678051,4.596999302163294
2023,comuna,13,Servicio de Salud Metropolitano Sur,13109,La Cisterna,Normal,0,278,292,272,218,168,131,111,119,130,1998,3717,0.0,731.0,963.0,1017.0,878.0,768.0,603.0,556.0,471.0,470.0,5007.0,11464.0,,38.03009575923393,30.32191069574247,26.745329400196656,24.829157175398635,21.875,21.724709784411278,19.964028776978417,25.265392781316347,27.659574468085108,39.90413421210305,32.42323796231682
2023,comuna,13,Servicio de Salud Metropolitano Sur,13109,La Cisterna,Obesidad,0,176,305,348,329,320,214,207,140,146,1095,3280,0.0,731.0,963.0,1017.0,878.0,768.0,603.0,556.0,471.0,470.0,5007.0,11464.0,,24.076607387140903,31.671858774662514,34.21828908554572,37.47152619589977,41.66666666666667,35.48922056384743,37.23021582733813,29.723991507431,31.06382978723404,21.869382863990413,28.611304954640616
2023,comuna,13,Servicio de Salud Metropolitano Sur,13109,La Cisterna,Sobrepeso,0,260,356,389,326,279,257,235,208,189,1441,3940,0.0,731.0,963.0,1017.0,878.0,768.0,603.0,556.0,471.0,470.0,5007.0,11464.0,,35.56771545827633,36.967808930425754,38.249754178957716,37.12984054669704,36.328125,42.62023217247098,42.26618705035971,44.161358811040344,40.21276595744681,28.779708408228483,34.368457780879275
2023,comuna,13,Servicio de Salud Metropolitano Sur,13116,Lo Espejo,Bajo peso,0,17,7,3,1,3,4,2,4,7,295,343,5.0,798.0,992.0,1028.0,759.0,592.0,470.0,513.0,538.0,526.0,3729.0,9950.0,0.0,2.1303258145363406,0.7056451612903225,0.2918287937743191,0.13175230566534915,0.5067567567567568,0.851063829787234,0.3898635477582846,0.7434944237918215,1.3307984790874523,7.910968087959239,3.4472361809045227
2023,comuna,13,Servicio de Salud Metropolitano Sur,13116,Lo Espejo,Normal,1,256,253,193,146,106,80,99,128,157,1239,2658,5.0,798.0,992.0,1028.0,759.0,592.0,470.0,513.0,538.0,526.0,3729.0,9950.0,20.0,32.08020050125313,25.50403225806452,18.77431906614786,19.235836627140976,17.905405405405407,17.02127659574468,19.298245614035086,23.79182156133829,29.84790874524715,33.2260659694288,26.713567839195978
2023,comuna,13,Servicio de Salud Metropolitano Sur,13116,Lo Espejo,Obesidad,3,264,416,453,336,255,214,196,182,155,1020,3494,5.0,798.0,992.0,1028.0,759.0,592.0,470.0,513.0,538.0,526.0,3729.0,9950.0,60.0,33.08270676691729,41.935483870967744,44.066147859922175,44.26877470355731,43.07432432432432,45.53191489361702,38.20662768031189,33.82899628252788,29.467680608365022,27.353177795655668,35.11557788944724
2023,comuna,13,Servicio de Salud Metropolitano Sur,13116,Lo Espejo,Sobrepeso,1,261,316,379,276,228,172,216,224,207,1175,3455,5.0,798.0,992.0,1028.0,759.0,592.0,470.0,513.0,538.0,526.0,3729.0,9950.0,20.0,32.70676691729324,31.85483870967742,36.86770428015564,36.36363636363637,38.513513513513516,36.59574468085106,42.10526315789473,41.63568773234201,39.353612167300376,31.509788146956293,34.72361809045226
2023,comuna,13,Servicio de Salud Metropolitano Sur,13121,Pedro Aguirre Cerda,Bajo peso,57,52,33,19,13,8,13,12,13,28,591,839,887.0,1479.0,1631.0,1753.0,1421.0,1286.0,1000.0,864.0,931.0,882.0,7634.0,19768.0,6.426155580608793,3.515889114266396,2.023298589822195,1.0838562464346835,0.9148486980999296,0.6220839813374806,1.3,1.3888888888888888,1.3963480128893664,3.1746031746031744,7.741681949174745,4.244233104006475
2023,comuna,13,Servicio de Salud Metropolitano Sur,13121,Pedro Aguirre Cerda,Normal,439,543,469,390,292,246,185,173,208,281,3221,6447,887.0,1479.0,1631.0,1753.0,1421.0,1286.0,1000.0,864.0,931.0,882.0,7634.0,19768.0,49.49267192784668,36.71399594320487,28.75536480686695,22.247575584711925,20.548909218859958,19.12908242612753,18.5,20.02314814814815,22.341568206229862,31.859410430839002,42.19282158763426,32.61331444759207
2023,comuna,13,Servicio de Salud Metropolitano Sur,13121,Pedro Aguirre Cerda,Obesidad,176,441,562,740,547,536,383,340,305,243,1792,6065,887.0,1479.0,1631.0,1753.0,1421.0,1286.0,1000.0,864.0,931.0,882.0,7634.0,19768.0,19.84216459977452,29.817444219066935,34.45738810545678,42.213348545350826,38.49401829697396,41.679626749611195,38.3,39.351851851851855,32.76047261009667,27.55102040816326,23.473932407649986,30.680898421691623
2023,comuna,13,Servicio de Salud Metropolitano Sur,13121,Pedro Aguirre Cerda,Sobrepeso,215,443,567,604,569,496,419,339,405,330,2030,6417,887.0,1479.0,1631.0,1753.0,1421.0,1286.0,1000.0,864.0,931.0,882.0,7634.0,19768.0,24.23900789177001,29.9526707234618,34.763948497854074,34.455219623502565,40.04222378606615,38.56920684292379,41.9,39.23611111111111,43.5016111707841,37.41496598639456,26.591564055541,32.461554026709834
2023,comuna,13,Servicio de Salud Metropolitano Sur,13129,San Joaquín,Bajo peso,6,43,29,26,11,16,16,20,13,17,705,902,181.0,1007.0,1119.0,1281.0,973.0,933.0,748.0,709.0,699.0,534.0,6340.0,14524.0,3.314917127071823,4.270109235352533,2.5915996425379806,2.029664324746292,1.1305241521068858,1.714898177920686,2.13903743315508,2.8208744710860367,1.859799713876967,3.1835205992509366,11.119873817034701,6.210410355274029
2023,comuna,13,Servicio de Salud Metropolitano Sur,13129,San Joaquín,Normal,91,380,364,325,212,186,143,155,152,147,2428,4583,181.0,1007.0,1119.0,1281.0,973.0,933.0,748.0,709.0,699.0,534.0,6340.0,14524.0,50.27624309392266,37.735849056603776,32.52904378909741,25.37080405932865,21.788283658787254,19.935691318327976,19.11764705882353,21.861777150916783,21.745350500715308,27.52808988764045,38.29652996845426,31.554668135499863
2023,comuna,13,Servicio de Salud Metropolitano Sur,13129,San Joaquín,Obesidad,41,267,355,465,367,368,280,247,216,144,1387,4137,181.0,1007.0,1119.0,1281.0,973.0,933.0,748.0,709.0,699.0,534.0,6340.0,14524.0,22.65193370165746,26.514399205561073,31.724754244861487,36.29976580796253,37.718396711202466,39.442658092175776,37.4331550802139,34.83779971791255,30.90128755364807,26.96629213483146,21.876971608832807,28.483888735885433
2023,comuna,13,Servicio de Salud Metropolitano Sur,13129,San Joaquín,Sobrepeso,43,317,371,465,383,363,309,287,318,226,1820,4902,181.0,1007.0,1119.0,1281.0,973.0,933.0,748.0,709.0,699.0,534.0,6340.0,14524.0,23.756906077348066,31.479642502482623,33.15460232350313,36.29976580796253,39.36279547790339,38.90675241157556,41.31016042780749,40.479548660084625,45.493562231759654,42.32209737827715,28.706624605678233,33.751032773340675
2023,comuna,13,Servicio de Salud Metropolitano Sur,13130,San Miguel,Bajo peso,1,31,23,14,7,7,4,3,6,13,730,839,3.0,1090.0,1316.0,1488.0,1118.0,996.0,789.0,749.0,686.0,730.0,6359.0,15324.0,33.33333333333333,2.8440366972477067,1.7477203647416413,0.9408602150537635,0.6261180679785331,0.7028112449799196,0.5069708491761723,0.4005340453938585,0.8746355685131195,1.7808219178082192,11.479792420191854,5.475071782824328
2023,comuna,13,Servicio de Salud Metropolitano Sur,13130,San Miguel,Normal,2,451,462,464,293,220,162,137,171,228,2763,5353,3.0,1090.0,1316.0,1488.0,1118.0,996.0,789.0,749.0,686.0,730.0,6359.0,15324.0,66.66666666666666,41.37614678899082,35.1063829787234,31.182795698924732,26.207513416815743,22.08835341365462,20.53231939163498,18.29105473965287,24.927113702623906,31.232876712328768,43.4502280232741,34.93213260245367
2023,comuna,13,Servicio de Salud Metropolitano Sur,13130,San Miguel,Obesidad,0,282,398,478,397,388,308,267,224,205,1201,4148,3.0,1090.0,1316.0,1488.0,1118.0,996.0,789.0,749.0,686.0,730.0,6359.0,15324.0,0.0,25.871559633027523,30.243161094224924,32.123655913978496,35.50983899821109,38.95582329317269,39.036755386565275,35.647530040053404,32.6530612244898,28.08219178082192,18.886617392671802,27.068650482902633
2023,comuna,13,Servicio de Salud Metropolitano Sur,13130,San Miguel,Sobrepeso,0,326,433,532,421,381,315,342,285,284,1665,4984,3.0,1090.0,1316.0,1488.0,1118.0,996.0,789.0,749.0,686.0,730.0,6359.0,15324.0,0.0,29.908256880733948,32.902735562310035,35.752688172043015,37.65652951699464,38.25301204819277,39.92395437262358,45.66088117489986,41.54518950437318,38.9041095890411,26.183362163862245,32.524145131819374
2023,comuna,13,Servicio de Salud Metropolitano Sur,13401,San Bernardo,Bajo peso,2,57,26,10,15,12,8,7,10,6,863,1016,71.0,2819.0,3167.0,3151.0,2677.0,2353.0,1835.0,1722.0,1312.0,989.0,10981.0,31077.0,2.8169014084507045,2.0219936147570063,0.8209662140827282,0.31735956839098695,0.5603287261860291,0.509987250318742,0.4359673024523161,0.40650406504065045,0.7621951219512195,0.6066734074823054,7.859029232310354,3.269298838369212
2023,comuna,13,Servicio de Salud Metropolitano Sur,13401,San Bernardo,Normal,24,881,756,625,507,385,349,299,304,211,3833,8174,71.0,2819.0,3167.0,3151.0,2677.0,2353.0,1835.0,1722.0,1312.0,989.0,10981.0,31077.0,33.80281690140845,31.2522170982618,23.871171455636247,19.834973024436685,18.939110945087783,16.36209094772631,19.019073569482288,17.36353077816492,23.170731707317074,21.334681496461073,34.905746289044714,26.302410142549153
2023,comuna,13,Servicio de Salud Metropolitano Sur,13401,San Bernardo,Obesidad,26,1009,1285,1412,1223,1065,802,709,475,332,3004,11342,71.0,2819.0,3167.0,3151.0,2677.0,2353.0,1835.0,1722.0,1312.0,989.0,10981.0,31077.0,36.61971830985916,35.792834338417876,40.57467634985791,44.81117105680737,45.685468808367574,45.26136846578835,43.705722070844686,41.17305458768873,36.204268292682926,33.56926188068756,27.356342773882158,36.49644431573189
2023,comuna,13,Servicio de Salud Metropolitano Sur,13401,San Bernardo,Sobrepeso,19,872,1100,1104,932,891,676,707,523,440,3281,10545,71.0,2819.0,3167.0,3151.0,2677.0,2353.0,1835.0,1722.0,1312.0,989.0,10981.0,31077.0,26.76056338028169,30.932954948563317,34.733185980423116,35.03649635036496,34.81509152035861,37.8665533361666,36.83923705722071,41.05691056910569,39.86280487804878,44.48938321536906,29.878881704762772,33.93184670334974
2023,comuna,13,Servicio de Salud Metropolitano Sur,13402,Buin,Bajo peso,0,11,9,5,4,5,1,5,6,6,431,483,16.0,1074.0,1180.0,1422.0,1218.0,1085.0,818.0,684.0,540.0,364.0,5088.0,13489.0,0.0,1.0242085661080074,0.7627118644067797,0.35161744022503516,0.3284072249589491,0.4608294930875576,0.12224938875305623,0.7309941520467835,1.1111111111111112,1.6483516483516485,8.470911949685535,3.5806953814218994
2023,comuna,13,Servicio de Salud Metropolitano Sur,13402,Buin,Normal,6,390,315,313,235,194,137,129,108,96,1890,3813,16.0,1074.0,1180.0,1422.0,1218.0,1085.0,818.0,684.0,540.0,364.0,5088.0,13489.0,37.5,36.312849162011176,26.69491525423729,22.0112517580872,19.293924466338257,17.880184331797235,16.748166259168702,18.859649122807017,20.0,26.373626373626376,37.14622641509434,28.267477203647417
2023,comuna,13,Servicio de Salud Metropolitano Sur,13402,Buin,Obesidad,4,369,451,592,525,468,365,267,186,112,1257,4596,16.0,1074.0,1180.0,1422.0,1218.0,1085.0,818.0,684.0,540.0,364.0,5088.0,13489.0,25.0,34.357541899441344,38.22033898305085,41.63150492264416,43.103448275862064,43.13364055299539,44.62102689486552,39.03508771929825,34.44444444444444,30.76923076923077,24.705188679245282,34.072206983468014
2023,comuna,13,Servicio de Salud Metropolitano Sur,13402,Buin,Sobrepeso,6,304,405,512,454,418,315,283,240,150,1510,4597,16.0,1074.0,1180.0,1422.0,1218.0,1085.0,818.0,684.0,540.0,364.0,5088.0,13489.0,37.5,28.305400372439475,34.32203389830508,36.0056258790436,37.274220032840724,38.525345622119815,38.50855745721272,41.37426900584795,44.44444444444444,41.208791208791204,29.677672955974842,34.07962043146268
2023,comuna,13,Servicio de Salud Metropolitano Sur,13403,Calera de Tango,Bajo peso,0,4,2,1,1,1,0,1,1,0,136,147,17.0,216.0,279.0,260.0,226.0,215.0,217.0,190.0,150.0,139.0,1140.0,3049.0,0.0,1.8518518518518516,0.7168458781362007,0.38461538461538464,0.4424778761061947,0.46511627906976744,0.0,0.5263157894736842,0.6666666666666667,0.0,11.929824561403509,4.821252869793375
2023,comuna,13,Servicio de Salud Metropolitano Sur,13403,Calera de Tango,Normal,8,69,63,49,37,38,35,25,31,31,419,805,17.0,216.0,279.0,260.0,226.0,215.0,217.0,190.0,150.0,139.0,1140.0,3049.0,47.05882352941176,31.944444444444443,22.58064516129032,18.846153846153847,16.371681415929203,17.674418604651162,16.129032258064516,13.157894736842104,20.666666666666668,22.302158273381295,36.75438596491228,26.402099048868482
2023,comuna,13,Servicio de Salud Metropolitano Sur,13403,Calera de Tango,Obesidad,5,81,128,125,111,84,97,89,54,43,272,1089,17.0,216.0,279.0,260.0,226.0,215.0,217.0,190.0,150.0,139.0,1140.0,3049.0,29.411764705882355,37.5,45.878136200716845,48.07692307692308,49.11504424778761,39.06976744186046,44.70046082949309,46.8421052631579,36.0,30.935251798561154,23.859649122807017,35.716628402755
2023,comuna,13,Servicio de Salud Metropolitano Sur,13403,Calera de Tango,Sobrepeso,4,62,86,85,77,92,85,75,64,65,313,1008,17.0,216.0,279.0,260.0,226.0,215.0,217.0,190.0,150.0,139.0,1140.0,3049.0,23.52941176470588,28.703703703703702,30.824372759856633,32.69230769230769,34.070796460176986,42.7906976744186,39.1705069124424,39.473684210526315,42.66666666666667,46.76258992805755,27.456140350877195,33.06001967858314
2023,comuna,13,Servicio de Salud Metropolitano Sur,13404,Paine,Bajo peso,0,22,11,6,7,9,2,1,2,5,328,393,11.0,856.0,1030.0,1030.0,916.0,800.0,631.0,530.0,544.0,366.0,3370.0,10084.0,0.0,2.570093457943925,1.0679611650485437,0.5825242718446602,0.7641921397379913,1.125,0.31695721077654515,0.18867924528301888,0.3676470588235294,1.366120218579235,9.73293768545994,3.8972629908766363
2023,comuna,13,Servicio de Salud Metropolitano Sur,13404,Paine,Normal,4,264,238,200,162,117,76,91,93,85,1147,2477,11.0,856.0,1030.0,1030.0,916.0,800.0,631.0,530.0,544.0,366.0,3370.0,10084.0,36.36363636363637,30.8411214953271,23.106796116504853,19.41747572815534,17.685589519650655,14.625,12.044374009508717,17.169811320754715,17.09558823529412,23.224043715846996,34.03560830860534,24.563665212217376
2023,comuna,13,Servicio de Salud Metropolitano Sur,13404,Paine,Obesidad,2,313,450,491,450,400,308,232,231,139,853,3869,11.0,856.0,1030.0,1030.0,916.0,800.0,631.0,530.0,544.0,366.0,3370.0,10084.0,18.181818181818183,36.56542056074766,43.689320388349515,47.66990291262136,49.12663755458515,50.0,48.811410459587954,43.77358490566038,42.463235294117645,37.97814207650273,25.311572700296736,38.367711225704085
2023,comuna,13,Servicio de Salud Metropolitano Sur,13404,Paine,Sobrepeso,5,257,331,333,297,274,245,206,218,137,1042,3345,11.0,856.0,1030.0,1030.0,916.0,800.0,631.0,530.0,544.0,366.0,3370.0,10084.0,45.45454545454545,30.023364485981308,32.13592233009709,32.33009708737864,32.4235807860262,34.25,38.82725832012678,38.86792452830189,40.07352941176471,37.43169398907104,30.91988130563798,33.1713605712019
2023,comuna,14,Servicio de Salud Metropolitano Sur Oriente,13110,La Florida,Bajo peso,11,76,47,24,17,11,10,10,10,23,1710,1949,224.0,2505.0,2756.0,2761.0,2257.0,1863.0,1483.0,1248.0,1097.0,1241.0,18806.0,36241.0,4.910714285714286,3.033932135728543,1.7053701015965168,0.8692502716407098,0.7532122286220646,0.5904455179817499,0.6743088334457181,0.8012820512820512,0.9115770282588878,1.8533440773569703,9.092842709773477,5.37788692365001
2023,comuna,14,Servicio de Salud Metropolitano Sur Oriente,13110,La Florida,Normal,103,927,809,651,463,373,281,244,228,313,7455,11847,224.0,2505.0,2756.0,2761.0,2257.0,1863.0,1483.0,1248.0,1097.0,1241.0,18806.0,36241.0,45.982142857142854,37.0059880239521,29.35413642960813,23.578413618254256,20.51395657953035,20.021470746108427,18.94807821982468,19.55128205128205,20.783956244302644,25.221595487510072,39.64160374348612,32.68949532297674
2023,comuna,14,Servicio de Salud Metropolitano Sur Oriente,13110,La Florida,Obesidad,54,718,1025,1117,934,789,630,458,391,409,4230,10755,224.0,2505.0,2756.0,2761.0,2257.0,1863.0,1483.0,1248.0,1097.0,1241.0,18806.0,36241.0,24.107142857142858,28.662674650698605,37.191582002902756,40.45635639261137,41.382365972529904,42.351046698872786,42.481456507080246,36.69871794871795,35.64266180492252,32.957292506043515,22.49282143996597,29.676333434507878
2023,comuna,14,Servicio de Salud Metropolitano Sur Oriente,13110,La Florida,Sobrepeso,56,784,875,969,843,690,562,536,468,496,5411,11690,224.0,2505.0,2756.0,2761.0,2257.0,1863.0,1483.0,1248.0,1097.0,1241.0,18806.0,36241.0,25.0,31.297405189620758,31.748911465892597,35.09597971749366,37.35046521931768,37.03703703703704,37.89615643964936,42.94871794871795,42.66180492251595,39.96776792908944,28.772732106774434,32.256284318865376
2023,comuna,14,Servicio de Salud Metropolitano Sur Oriente,13111,La Granja,Bajo peso,3,30,16,8,5,2,3,5,6,6,457,541,72.0,1248.0,1296.0,1301.0,1079.0,946.0,743.0,600.0,556.0,627.0,5820.0,14288.0,4.166666666666666,2.403846153846154,1.2345679012345678,0.6149116064565718,0.46339202965708987,0.21141649048625794,0.4037685060565276,0.8333333333333334,1.079136690647482,0.9569377990430622,7.852233676975945,3.7863941769316907
2023,comuna,14,Servicio de Salud Metropolitano Sur Oriente,13111,La Granja,Normal,32,387,299,234,194,142,130,105,113,149,2156,3941,72.0,1248.0,1296.0,1301.0,1079.0,946.0,743.0,600.0,556.0,627.0,5820.0,14288.0,44.44444444444444,31.009615384615387,23.070987654320987,17.986164488854726,17.979610750695088,15.010570824524313,17.496635262449526,17.5,20.323741007194247,23.76395534290271,37.044673539518904,27.58258678611422
2023,comuna,14,Servicio de Salud Metropolitano Sur Oriente,13111,La Granja,Obesidad,16,441,545,585,506,427,320,228,202,204,1520,4994,72.0,1248.0,1296.0,1301.0,1079.0,946.0,743.0,600.0,556.0,627.0,5820.0,14288.0,22.22222222222222,35.33653846153847,42.05246913580247,44.96541122213682,46.8952734012975,45.13742071881607,43.06864064602961,38.0,36.330935251798564,32.535885167464116,26.11683848797251,34.952407614781634
2023,comuna,14,Servicio de Salud Metropolitano Sur Oriente,13111,La Granja,Sobrepeso,21,390,436,474,374,375,290,262,235,268,1687,4812,72.0,1248.0,1296.0,1301.0,1079.0,946.0,743.0,600.0,556.0,627.0,5820.0,14288.0,29.166666666666668,31.25,33.641975308641975,36.433512682551886,34.661723818350325,39.64059196617336,39.03095558546433,43.666666666666664,42.26618705035971,42.74322169059011,28.98625429553265,33.67861142217245
2023,comuna,14,Servicio de Salud Metropolitano Sur Oriente,13112,La Pintana,Bajo peso,22,30,12,12,8,5,11,8,8,15,459,590,520.0,1243.0,1256.0,1323.0,1079.0,1087.0,922.0,800.0,685.0,652.0,7319.0,16886.0,4.230769230769231,2.413515687851971,0.9554140127388535,0.9070294784580499,0.7414272474513438,0.45998160073597055,1.193058568329718,1.0,1.167883211678832,2.3006134969325154,6.27134854488318,3.494018713727348
2023,comuna,14,Servicio de Salud Metropolitano Sur Oriente,13112,La Pintana,Normal,204,374,278,211,185,167,140,121,134,137,2517,4468,520.0,1243.0,1256.0,1323.0,1079.0,1087.0,922.0,800.0,685.0,652.0,7319.0,16886.0,39.23076923076923,30.08849557522124,22.13375796178344,15.948601662887377,17.145505097312327,15.363385464581416,15.184381778741866,15.125,19.562043795620436,21.012269938650306,34.38994398141823,26.459789174464056
2023,comuna,14,Servicio de Salud Metropolitano Sur Oriente,13112,La Pintana,Obesidad,148,500,580,715,526,533,436,363,288,236,2187,6512,520.0,1243.0,1256.0,1323.0,1079.0,1087.0,922.0,800.0,685.0,652.0,7319.0,16886.0,28.46153846153846,40.22526146419952,46.17834394904459,54.043839758125465,48.748841519925854,49.03403863845446,47.288503253796094,45.375,42.043795620437955,36.19631901840491,29.881131302090445,38.564491294563545
2023,comuna,14,Servicio de Salud Metropolitano Sur Oriente,13112,La Pintana,Sobrepeso,146,339,386,385,360,382,335,308,255,264,2156,5316,520.0,1243.0,1256.0,1323.0,1079.0,1087.0,922.0,800.0,685.0,652.0,7319.0,16886.0,28.076923076923077,27.27272727272727,30.73248407643312,29.100529100529098,33.364226135310474,35.142594296228154,36.33405639913232,38.5,37.22627737226277,40.49079754601227,29.457576171608142,31.481700817245056
2023,comuna,14,Servicio de Salud Metropolitano Sur Oriente,13131,San Ramón,Bajo peso,4,26,21,6,6,16,2,7,4,15,399,506,140.0,1036.0,876.0,927.0,745.0,712.0,684.0,682.0,594.0,442.0,4223.0,11061.0,2.857142857142857,2.5096525096525095,2.3972602739726026,0.6472491909385114,0.8053691275167786,2.247191011235955,0.29239766081871343,1.0263929618768328,0.6734006734006733,3.3936651583710407,9.448259531139001,4.574631588463973
2023,comuna,14,Servicio de Salud Metropolitano Sur Oriente,13131,San Ramón,Normal,64,382,249,208,153,124,126,153,128,101,1636,3324,140.0,1036.0,876.0,927.0,745.0,712.0,684.0,682.0,594.0,442.0,4223.0,11061.0,45.714285714285715,36.87258687258687,28.424657534246577,22.43797195253506,20.536912751677853,17.415730337078653,18.421052631578945,22.434017595307918,21.548821548821547,22.850678733031675,38.7402320625148,30.0515324111744
2023,comuna,14,Servicio de Salud Metropolitano Sur Oriente,13131,San Ramón,Obesidad,43,323,325,388,333,297,299,247,220,139,1012,3626,140.0,1036.0,876.0,927.0,745.0,712.0,684.0,682.0,594.0,442.0,4223.0,11061.0,30.714285714285715,31.177606177606176,37.10045662100457,41.855447680690396,44.69798657718121,41.71348314606742,43.71345029239766,36.21700879765396,37.03703703703704,31.447963800904976,23.964006630357567,32.781846126028384
2023,comuna,14,Servicio de Salud Metropolitano Sur Oriente,13131,San Ramón,Sobrepeso,29,305,281,325,253,275,257,275,242,187,1176,3605,140.0,1036.0,876.0,927.0,745.0,712.0,684.0,682.0,594.0,442.0,4223.0,11061.0,20.714285714285715,29.440154440154444,32.077625570776256,35.05933117583603,33.95973154362416,38.62359550561798,37.57309941520468,40.32258064516129,40.74074074074074,42.30769230769231,27.847501775988633,32.591989874333244
2023,comuna,14,Servicio de Salud Metropolitano Sur Oriente,13201,Puente Alto,Bajo peso,15,75,33,15,11,8,7,7,21,14,1864,2070,411.0,2788.0,2679.0,2797.0,2360.0,2169.0,1852.0,1762.0,1756.0,1492.0,16688.0,36754.0,3.64963503649635,2.6901004304160687,1.2318029115341544,0.5362888809438684,0.46610169491525427,0.3688335638543107,0.3779697624190065,0.39727582292849034,1.1958997722095672,0.938337801608579,11.169702780441035,5.632040050062578
2023,comuna,14,Servicio de Salud Metropolitano Sur Oriente,13201,Puente Alto,Normal,195,889,692,520,409,347,260,292,343,333,6105,10385,411.0,2788.0,2679.0,2797.0,2360.0,2169.0,1852.0,1762.0,1756.0,1492.0,16688.0,36754.0,47.44525547445255,31.886657101865133,25.830533781261668,18.591347872720775,17.33050847457627,15.998155832180727,14.038876889848812,16.572077185017026,19.533029612756263,22.319034852546917,36.583173537871524,28.255427980627957
2023,comuna,14,Servicio de Salud Metropolitano Sur Oriente,13201,Puente Alto,Obesidad,104,933,1082,1306,1095,1008,851,770,646,492,4012,12299,411.0,2788.0,2679.0,2797.0,2360.0,2169.0,1852.0,1762.0,1756.0,1492.0,16688.0,36754.0,25.304136253041364,33.4648493543759,40.38820455393803,46.69288523417948,46.39830508474576,46.47302904564315,45.950323974082075,43.70034052213394,36.78815489749431,32.975871313672926,24.041227229146692,33.4630244327148
2023,comuna,14,Servicio de Salud Metropolitano Sur Oriente,13201,Puente Alto,Sobrepeso,97,891,872,956,845,806,734,693,746,653,4707,12000,411.0,2788.0,2679.0,2797.0,2360.0,2169.0,1852.0,1762.0,1756.0,1492.0,16688.0,36754.0,23.600973236009732,31.958393113342897,32.549458753266144,34.17947801215588,35.80508474576271,37.15998155832181,39.63282937365011,39.330306469920544,42.48291571753987,43.766756032171585,28.205896452540745,32.649507536594655
2023,comuna,14,Servicio de Salud Metropolitano Sur Oriente,13202,Pirque,Bajo peso,0,8,5,1,3,1,0,0,2,2,136,158,14.0,205.0,190.0,220.0,192.0,163.0,136.0,115.0,91.0,75.0,1404.0,2805.0,0.0,3.902439024390244,2.631578947368421,0.45454545454545453,1.5625,0.6134969325153374,0.0,0.0,2.197802197802198,2.666666666666667,9.686609686609685,5.632798573975045
2023,comuna,14,Servicio de Salud Metropolitano Sur Oriente,13202,Pirque,Normal,4,74,46,41,44,29,29,27,23,16,544,877,14.0,205.0,190.0,220.0,192.0,163.0,136.0,115.0,91.0,75.0,1404.0,2805.0,28.57142857142857,36.09756097560975,24.210526315789473,18.636363636363637,22.916666666666664,17.791411042944784,21.323529411764707,23.47826086956522,25.274725274725274,21.333333333333336,38.74643874643874,31.265597147950093
2023,comuna,14,Servicio de Salud Metropolitano Sur Oriente,13202,Pirque,Obesidad,3,56,66,94,85,60,44,32,32,25,312,809,14.0,205.0,190.0,220.0,192.0,163.0,136.0,115.0,91.0,75.0,1404.0,2805.0,21.428571428571427,27.31707317073171,34.73684210526316,42.72727272727273,44.27083333333333,36.809815950920246,32.35294117647059,27.82608695652174,35.16483516483517,33.33333333333333,22.22222222222222,28.841354723707664
2023,comuna,14,Servicio de Salud Metropolitano Sur Oriente,13202,Pirque,Sobrepeso,7,67,73,84,60,73,63,56,34,32,412,961,14.0,205.0,190.0,220.0,192.0,163.0,136.0,115.0,91.0,75.0,1404.0,2805.0,50.0,32.6829268292683,38.421052631578945,38.18181818181819,31.25,44.785276073619634,46.32352941176471,48.69565217391305,37.362637362637365,42.66666666666667,29.34472934472934,34.2602495543672
2023,comuna,14,Servicio de Salud Metropolitano Sur Oriente,13203,San José de Maipo,Bajo peso,0,2,2,2,3,0,1,0,0,0,10,20,3.0,17.0,20.0,34.0,17.0,18.0,9.0,11.0,9.0,6.0,101.0,245.0,0.0,11.76470588235294,10.0,5.88235294117647,17.647058823529413,0.0,11.11111111111111,0.0,0.0,0.0,9.900990099009901,8.16326530612245
2023,comuna,14,Servicio de Salud Metropolitano Sur Oriente,13203,San José de Maipo,Normal,2,5,5,16,2,3,4,5,4,2,34,82,3.0,17.0,20.0,34.0,17.0,18.0,9.0,11.0,9.0,6.0,101.0,245.0,66.66666666666666,29.411764705882355,25.0,47.05882352941176,11.76470588235294,16.666666666666664,44.44444444444444,45.45454545454545,44.44444444444444,33.33333333333333,33.663366336633665,33.46938775510204
2023,comuna,14,Servicio de Salud Metropolitano Sur Oriente,13203,San José de Maipo,Obesidad,1,3,10,4,6,5,2,3,2,2,17,55,3.0,17.0,20.0,34.0,17.0,18.0,9.0,11.0,9.0,6.0,101.0,245.0,33.33333333333333,17.647058823529413,50.0,11.76470588235294,35.294117647058826,27.77777777777778,22.22222222222222,27.27272727272727,22.22222222222222,33.33333333333333,16.831683168316832,22.448979591836736
2023,comuna,14,Servicio de Salud Metropolitano Sur Oriente,13203,San José de Maipo,Sobrepeso,0,7,3,12,6,10,2,3,3,2,40,88,3.0,17.0,20.0,34.0,17.0,18.0,9.0,11.0,9.0,6.0,101.0,245.0,0.0,41.17647058823529,15.0,35.294117647058826,35.294117647058826,55.55555555555556,22.22222222222222,27.27272727272727,33.33333333333333,33.33333333333333,39.603960396039604,35.91836734693877
2024,comuna,9,Servicio de Salud Metropolitano Norte,13104,Conchalí,Bajo peso,3,41,23,13,10,5,11,10,16,21,1108,1261,23.0,1325.0,1434.0,1449.0,1304.0,1178.0,1092.0,1078.0,1049.0,1361.0,9908.0,21201.0,13.043478260869565,3.094339622641509,1.6039051603905161,0.8971704623878536,0.7668711656441718,0.4244482173174873,1.0073260073260073,0.927643784786642,1.5252621544327931,1.5429831006612784,11.182882519176424,5.94783264940333
2024,comuna,9,Servicio de Salud Metropolitano Norte,13104,Conchalí,Normal,9,477,397,330,230,211,185,200,225,301,3617,6182,23.0,1325.0,1434.0,1449.0,1304.0,1178.0,1092.0,1078.0,1049.0,1361.0,9908.0,21201.0,39.130434782608695,36.0,27.684797768479775,22.77432712215321,17.63803680981595,17.911714770797964,16.94139194139194,18.552875695732837,21.448999046711155,22.116091109478326,36.50585385547033,29.159001933871043
2024,comuna,9,Servicio de Salud Metropolitano Norte,13104,Conchalí,Obesidad,5,408,521,605,575,510,478,426,371,482,2449,6830,23.0,1325.0,1434.0,1449.0,1304.0,1178.0,1092.0,1078.0,1049.0,1361.0,9908.0,21201.0,21.73913043478261,30.792452830188676,36.33193863319386,41.752933057280885,44.09509202453988,43.2937181663837,43.772893772893774,39.51762523191095,35.36701620591039,35.41513592946363,24.717400080742834,32.21546153483326
2024,comuna,9,Servicio de Salud Metropolitano Norte,13104,Conchalí,Sobrepeso,6,399,493,501,489,452,418,442,437,557,2734,6928,23.0,1325.0,1434.0,1449.0,1304.0,1178.0,1092.0,1078.0,1049.0,1361.0,9908.0,21201.0,26.08695652173913,30.11320754716981,34.37935843793584,34.57556935817806,37.5,38.37011884550085,38.27838827838828,41.00185528756957,41.658722592945665,40.92578986039677,27.593863544610414,32.67770388189236
2024,comuna,9,Servicio de Salud Metropolitano Norte,13107,Huechuraba,Bajo peso,0,29,18,10,6,11,5,3,4,7,554,647,22.0,1096.0,1090.0,1097.0,896.0,781.0,604.0,698.0,610.0,444.0,5315.0,12653.0,0.0,2.645985401459854,1.651376146788991,0.9115770282588878,0.6696428571428571,1.4084507042253522,0.8278145695364238,0.42979942693409745,0.6557377049180327,1.5765765765765765,10.423330197554092,5.113411839089544
2024,comuna,9,Servicio de Salud Metropolitano Norte,13107,Huechuraba,Normal,8,394,257,203,169,141,122,114,130,95,1753,3386,22.0,1096.0,1090.0,1097.0,896.0,781.0,604.0,698.0,610.0,444.0,5315.0,12653.0,36.36363636363637,35.94890510948905,23.57798165137615,18.505013673655423,18.861607142857142,18.053777208706787,20.198675496688743,16.332378223495702,21.311475409836063,21.396396396396398,32.9821260583255,26.76045206670355
2024,comuna,9,Servicio de Salud Metropolitano Norte,13107,Huechuraba,Obesidad,10,370,453,492,423,345,234,290,190,142,1362,4311,22.0,1096.0,1090.0,1097.0,896.0,781.0,604.0,698.0,610.0,444.0,5315.0,12653.0,45.45454545454545,33.75912408759124,41.559633027522935,44.84958979033728,47.20982142857143,44.1741357234315,38.741721854304636,41.54727793696275,31.147540983606557,31.98198198198198,25.625587958607714,34.0709713111515
2024,comuna,9,Servicio de Salud Metropolitano Norte,13107,Huechuraba,Sobrepeso,4,303,362,392,298,284,243,291,286,200,1646,4309,22.0,1096.0,1090.0,1097.0,896.0,781.0,604.0,698.0,610.0,444.0,5315.0,12653.0,18.181818181818183,27.645985401459853,33.211009174311926,35.73381950774841,33.25892857142857,36.36363636363637,40.2317880794702,41.69054441260745,46.885245901639344,45.04504504504504,30.968955785512698,34.0551647830554
2024,comuna,9,Servicio de Salud Metropolitano Norte,13108,Independencia,Bajo peso,2,16,20,11,13,11,12,8,12,11,632,748,45.0,440.0,701.0,793.0,809.0,682.0,579.0,528.0,437.0,376.0,3796.0,9186.0,4.444444444444445,3.6363636363636362,2.8530670470756063,1.3871374527112232,1.6069221260815822,1.6129032258064515,2.072538860103627,1.5151515151515151,2.745995423340961,2.925531914893617,16.649104320337198,8.142826039625517
2024,comuna,9,Servicio de Salud Metropolitano Norte,13108,Independencia,Normal,20,189,198,194,182,129,93,97,67,95,1546,2810,45.0,440.0,701.0,793.0,809.0,682.0,579.0,528.0,437.0,376.0,3796.0,9186.0,44.44444444444444,42.95454545454545,28.245363766048502,24.4640605296343,22.49690976514215,18.914956011730204,16.06217616580311,18.37121212121212,15.331807780320366,25.265957446808514,40.72708113804004,30.59002830394078
2024,comuna,9,Servicio de Salud Metropolitano Norte,13108,Independencia,Obesidad,12,100,228,279,300,284,230,196,162,123,749,2663,45.0,440.0,701.0,793.0,809.0,682.0,579.0,528.0,437.0,376.0,3796.0,9186.0,26.666666666666668,22.727272727272727,32.52496433666191,35.182849936948294,37.08281829419035,41.64222873900293,39.72366148531952,37.121212121212125,37.07093821510298,32.71276595744681,19.731296101159117,28.989767036795122
2024,comuna,9,Servicio de Salud Metropolitano Norte,13108,Independencia,Sobrepeso,11,135,255,309,314,258,244,227,196,147,869,2965,45.0,440.0,701.0,793.0,809.0,682.0,579.0,528.0,437.0,376.0,3796.0,9186.0,24.444444444444443,30.681818181818183,36.37660485021398,38.96595208070618,38.813349814585905,37.82991202346041,42.141623488773746,42.99242424242424,44.8512585812357,39.09574468085106,22.892518440463647,32.27737861963858
2024,comuna,9,Servicio de Salud Metropolitano Norte,13125,Quilicura,Bajo peso,0,46,32,27,9,10,11,7,7,16,636,801,2.0,1978.0,2060.0,2167.0,1964.0,1615.0,1513.0,1507.0,1232.0,1072.0,6363.0,21473.0,0.0,2.3255813953488373,1.5533980582524272,1.2459621596677435,0.45824847250509165,0.6191950464396285,0.7270323859881032,0.46449900464499,0.5681818181818182,1.4925373134328357,9.995285242809995,3.7302659153355378
2024,comuna,9,Servicio de Salud Metropolitano Norte,13125,Quilicura,Normal,1,698,533,461,354,284,238,269,250,248,2334,5670,2.0,1978.0,2060.0,2167.0,1964.0,1615.0,1513.0,1507.0,1232.0,1072.0,6363.0,21473.0,50.0,35.28816986855409,25.873786407766993,21.27365020766036,18.024439918533606,17.58513931888545,15.730337078651685,17.850033178500333,20.29220779220779,23.134328358208954,36.68081093823668,26.405253108554927
2024,comuna,9,Servicio de Salud Metropolitano Norte,13125,Quilicura,Obesidad,0,662,838,922,920,721,701,629,465,362,1532,7752,2.0,1978.0,2060.0,2167.0,1964.0,1615.0,1513.0,1507.0,1232.0,1072.0,6363.0,21473.0,0.0,33.46814964610718,40.679611650485434,42.54730041532072,46.84317718940937,44.643962848297214,46.331791143423665,41.73855341738553,37.743506493506494,33.76865671641791,24.076693383624075,36.10115028174917
2024,comuna,9,Servicio de Salud Metropolitano Norte,13125,Quilicura,Sobrepeso,1,572,657,757,681,600,563,602,510,446,1861,7250,2.0,1978.0,2060.0,2167.0,1964.0,1615.0,1513.0,1507.0,1232.0,1072.0,6363.0,21473.0,50.0,28.91809908998989,31.893203883495147,34.93308721735118,34.67413441955193,37.15170278637771,37.21083939193655,39.946914399469144,41.396103896103895,41.6044776119403,29.247210435329247,33.76333069436036
2024,comuna,9,Servicio de Salud Metropolitano Norte,13127,Recoleta,Bajo peso,8,42,17,19,19,8,6,10,11,10,873,1023,124.0,948.0,1095.0,1166.0,1076.0,1009.0,941.0,907.0,750.0,634.0,7330.0,15980.0,6.451612903225806,4.430379746835443,1.552511415525114,1.6295025728987993,1.7657992565055762,0.7928642220019821,0.6376195536663124,1.1025358324145533,1.4666666666666666,1.5772870662460567,11.909959072305593,6.401752190237797
2024,comuna,9,Servicio de Salud Metropolitano Norte,13127,Recoleta,Normal,56,365,389,328,268,243,253,264,210,213,2747,5336,124.0,948.0,1095.0,1166.0,1076.0,1009.0,941.0,907.0,750.0,634.0,7330.0,15980.0,45.16129032258064,38.50210970464135,35.52511415525114,28.130360205831906,24.907063197026023,24.08325074331021,26.88629117959617,29.106945975744214,28.000000000000004,33.59621451104101,37.47612551159618,33.39173967459324
2024,comuna,9,Servicio de Salud Metropolitano Norte,13127,Recoleta,Obesidad,27,291,372,429,409,418,346,321,246,174,1689,4722,124.0,948.0,1095.0,1166.0,1076.0,1009.0,941.0,907.0,750.0,634.0,7330.0,15980.0,21.774193548387096,30.69620253164557,33.97260273972603,36.79245283018868,38.01115241635687,41.427155599603566,36.76939426142402,35.391400220507165,32.800000000000004,27.444794952681388,23.042291950886767,29.549436795994993
2024,comuna,9,Servicio de Salud Metropolitano Norte,13127,Recoleta,Sobrepeso,33,250,317,390,380,340,336,312,283,237,2021,4899,124.0,948.0,1095.0,1166.0,1076.0,1009.0,941.0,907.0,750.0,634.0,7330.0,15980.0,26.61290322580645,26.371308016877638,28.949771689497716,33.44768439108062,35.31598513011153,33.696729435084244,35.7066950053135,34.39911797133407,37.733333333333334,37.381703470031546,27.57162346521146,30.657071339173967
2024,comuna,9,Servicio de Salud Metropolitano Norte,13301,Colina,Bajo peso,10,62,40,28,17,25,17,24,13,7,570,813,165.0,1645.0,1946.0,2064.0,1925.0,1645.0,1317.0,1211.0,858.0,574.0,4763.0,18113.0,6.0606060606060606,3.768996960486322,2.055498458376156,1.3565891472868217,0.8831168831168832,1.5197568389057752,1.29081245254366,1.981833195706028,1.5151515151515151,1.2195121951219512,11.967247533067395,4.48848893060233
2024,comuna,9,Servicio de Salud Metropolitano Norte,13301,Colina,Normal,58,540,466,449,385,247,224,210,152,119,1653,4503,165.0,1645.0,1946.0,2064.0,1925.0,1645.0,1317.0,1211.0,858.0,574.0,4763.0,18113.0,35.15151515151515,32.82674772036474,23.94655704008222,21.753875968992247,20.0,15.015197568389057,17.0083523158694,17.341040462427745,17.715617715617714,20.73170731707317,34.70501784589544,24.86059736101143
2024,comuna,9,Servicio de Salud Metropolitano Norte,13301,Colina,Obesidad,49,508,730,808,787,697,539,498,324,198,1156,6294,165.0,1645.0,1946.0,2064.0,1925.0,1645.0,1317.0,1211.0,858.0,574.0,4763.0,18113.0,29.6969696969697,30.88145896656535,37.51284686536485,39.14728682170542,40.883116883116884,42.37082066869301,40.92634776006074,41.123038810900084,37.76223776223776,34.494773519163765,24.2704178039051,34.74852316016121
2024,comuna,9,Servicio de Salud Metropolitano Norte,13301,Colina,Sobrepeso,48,535,710,779,736,676,537,479,369,250,1384,6503,165.0,1645.0,1946.0,2064.0,1925.0,1645.0,1317.0,1211.0,858.0,574.0,4763.0,18113.0,29.09090909090909,32.52279635258359,36.485097636176775,37.742248062015506,38.23376623376624,41.09422492401216,40.77448747152619,39.55408753096614,43.00699300699301,43.55400696864111,29.05731681713206,35.902390548225036
2024,comuna,9,Servicio de Salud Metropolitano Norte,13302,Lampa,Bajo peso,1,32,14,15,6,5,3,2,0,4,361,443,50.0,1205.0,1320.0,1399.0,1187.0,912.0,720.0,561.0,442.0,289.0,3642.0,11727.0,2.0,2.6556016597510372,1.0606060606060608,1.0721944245889923,0.5054759898904801,0.5482456140350876,0.4166666666666667,0.35650623885918004,0.0,1.384083044982699,9.912136188907192,3.777607231175919
2024,comuna,9,Servicio de Salud Metropolitano Norte,13302,Lampa,Normal,19,428,354,313,224,166,131,118,97,72,1364,3286,50.0,1205.0,1320.0,1399.0,1187.0,912.0,720.0,561.0,442.0,289.0,3642.0,11727.0,38.0,35.518672199170126,26.81818181818182,22.37312365975697,18.871103622577927,18.201754385964914,18.194444444444443,21.03386809269162,21.945701357466064,24.91349480968858,37.45194947830862,28.02080668542679
2024,comuna,9,Servicio de Salud Metropolitano Norte,13302,Lampa,Obesidad,19,404,521,612,556,433,317,235,169,89,877,4232,50.0,1205.0,1320.0,1399.0,1187.0,912.0,720.0,561.0,442.0,289.0,3642.0,11727.0,38.0,33.52697095435684,39.46969696969697,43.74553252323088,46.840775063184495,47.478070175438596,44.02777777777778,41.889483065953655,38.23529411764706,30.79584775086505,24.080175727622187,36.0876609533555
2024,comuna,9,Servicio de Salud Metropolitano Norte,13302,Lampa,Sobrepeso,11,341,431,459,401,308,269,206,176,124,1040,3766,50.0,1205.0,1320.0,1399.0,1187.0,912.0,720.0,561.0,442.0,289.0,3642.0,11727.0,22.0,28.29875518672199,32.651515151515156,32.80914939242316,33.782645324347094,33.771929824561404,37.361111111111114,36.72014260249554,39.81900452488688,42.90657439446367,28.555738605162002,32.11392513004178
2024,comuna,9,Servicio de Salud Metropolitano Norte,13303,Tiltil,Bajo peso,0,0,0,3,0,0,0,0,0,1,63,67,4.0,56.0,63.0,66.0,71.0,59.0,51.0,61.0,51.0,31.0,599.0,1112.0,0.0,0.0,0.0,4.545454545454546,0.0,0.0,0.0,0.0,0.0,3.225806451612903,10.51752921535893,6.025179856115108
2024,comuna,9,Servicio de Salud Metropolitano Norte,13303,Tiltil,Normal,0,16,12,11,10,11,4,20,13,9,167,273,4.0,56.0,63.0,66.0,71.0,59.0,51.0,61.0,51.0,31.0,599.0,1112.0,0.0,28.57142857142857,19.047619047619047,16.666666666666664,14.084507042253522,18.64406779661017,7.8431372549019605,32.78688524590164,25.49019607843137,29.03225806451613,27.879799666110184,24.550359712230215
2024,comuna,9,Servicio de Salud Metropolitano Norte,13303,Tiltil,Obesidad,3,26,25,30,30,30,17,27,23,9,158,378,4.0,56.0,63.0,66.0,71.0,59.0,51.0,61.0,51.0,31.0,599.0,1112.0,75.0,46.42857142857143,39.682539682539684,45.45454545454545,42.25352112676056,50.847457627118644,33.33333333333333,44.26229508196721,45.09803921568628,29.03225806451613,26.37729549248748,33.992805755395686
2024,comuna,9,Servicio de Salud Metropolitano Norte,13303,Tiltil,Sobrepeso,1,14,26,22,31,18,30,14,15,12,211,394,4.0,56.0,63.0,66.0,71.0,59.0,51.0,61.0,51.0,31.0,599.0,1112.0,25.0,25.0,41.269841269841265,33.33333333333333,43.66197183098591,30.508474576271187,58.82352941176471,22.950819672131146,29.411764705882355,38.70967741935484,35.2253756260434,35.431654676258994
2024,comuna,10,Servicio de Salud Metropolitano Occidente,13103,Cerro Navia,Bajo peso,13,58,34,18,14,7,11,7,11,16,681,870,192.0,1264.0,1392.0,1340.0,1074.0,981.0,867.0,803.0,759.0,634.0,6087.0,15393.0,6.770833333333333,4.588607594936709,2.442528735632184,1.3432835820895521,1.303538175046555,0.7135575942915392,1.2687427912341407,0.8717310087173101,1.4492753623188406,2.5236593059936907,11.187777230162641,5.65191970376145
2024,comuna,10,Servicio de Salud Metropolitano Occidente,13103,Cerro Navia,Normal,73,421,364,265,204,174,134,140,167,144,2065,4151,192.0,1264.0,1392.0,1340.0,1074.0,981.0,867.0,803.0,759.0,634.0,6087.0,15393.0,38.02083333333333,33.30696202531646,26.14942528735632,19.776119402985074,18.994413407821227,17.737003058103976,15.455594002306805,17.4346201743462,22.002635046113305,22.71293375394322,33.92475768030228,26.966803092314688
2024,comuna,10,Servicio de Salud Metropolitano Occidente,13103,Cerro Navia,Obesidad,59,436,537,643,469,441,406,371,298,239,1592,5491,192.0,1264.0,1392.0,1340.0,1074.0,981.0,867.0,803.0,759.0,634.0,6087.0,15393.0,30.729166666666668,34.49367088607595,38.577586206896555,47.98507462686567,43.66852886405959,44.95412844036697,46.82814302191465,46.20174346201743,39.26218708827404,37.69716088328076,26.154098899293576,35.672058727993246
2024,comuna,10,Servicio de Salud Metropolitano Occidente,13103,Cerro Navia,Sobrepeso,47,349,457,414,387,359,316,285,283,235,1749,4881,192.0,1264.0,1392.0,1340.0,1074.0,981.0,867.0,803.0,759.0,634.0,6087.0,15393.0,24.479166666666664,27.610759493670884,32.83045977011494,30.895522388059703,36.03351955307262,36.59531090723751,36.44752018454441,35.49190535491905,37.285902503293805,37.06624605678234,28.7333661902415,31.709218475930616
2024,comuna,10,Servicio de Salud Metropolitano Occidente,13117,Lo Prado,Bajo peso,5,45,17,4,4,3,3,10,6,3,769,869,113.0,1472.0,1648.0,1762.0,1611.0,1399.0,1215.0,1385.0,1174.0,1085.0,7727.0,20591.0,4.424778761061947,3.057065217391304,1.0315533980582525,0.22701475595913734,0.2482929857231533,0.21443888491779842,0.24691358024691357,0.7220216606498195,0.5110732538330494,0.2764976958525346,9.952115957033778,4.22029041814385
2024,comuna,10,Servicio de Salud Metropolitano Occidente,13117,Lo Prado,Normal,44,457,428,371,290,247,186,235,210,214,2911,5593,113.0,1472.0,1648.0,1762.0,1611.0,1399.0,1215.0,1385.0,1174.0,1085.0,7727.0,20591.0,38.93805309734513,31.046195652173914,25.970873786407765,21.05561861520999,18.001241464928615,17.655468191565404,15.308641975308642,16.967509025270758,17.88756388415673,19.723502304147466,37.673094344506275,27.162352484094992
2024,comuna,10,Servicio de Salud Metropolitano Occidente,13117,Lo Prado,Obesidad,26,500,662,767,744,607,599,572,492,420,1903,7292,113.0,1472.0,1648.0,1762.0,1611.0,1399.0,1215.0,1385.0,1174.0,1085.0,7727.0,20591.0,23.008849557522122,33.96739130434783,40.16990291262136,43.53007945516458,46.18249534450652,43.388134381701214,49.300411522633745,41.29963898916967,41.90800681431005,38.70967741935484,24.62792804451922,35.4135301830897
2024,comuna,10,Servicio de Salud Metropolitano Occidente,13117,Lo Prado,Sobrepeso,38,470,541,620,573,542,427,568,466,448,2144,6837,113.0,1472.0,1648.0,1762.0,1611.0,1399.0,1215.0,1385.0,1174.0,1085.0,7727.0,20591.0,33.6283185840708,31.929347826086957,32.82766990291262,35.187287173666284,35.567970204841714,38.74195854181558,35.1440329218107,41.01083032490975,39.69335604770017,41.29032258064516,27.74686165394073,33.20382691467146
2024,comuna,10,Servicio de Salud Metropolitano Occidente,13124,Pudahuel,Bajo peso,43,52,23,19,9,12,8,6,15,14,1054,1255,906.0,2268.0,2644.0,2885.0,2521.0,2358.0,2113.0,2116.0,2021.0,1839.0,11632.0,33303.0,4.746136865342163,2.2927689594356258,0.869894099848714,0.658578856152513,0.3570011900039667,0.5089058524173028,0.37860861334595364,0.28355387523629494,0.7422068283028204,0.7612833061446439,9.06121045392022,3.768429270636279
2024,comuna,10,Servicio de Salud Metropolitano Occidente,13124,Pudahuel,Normal,388,798,723,647,441,384,368,332,380,395,4128,8984,906.0,2268.0,2644.0,2885.0,2521.0,2358.0,2113.0,2116.0,2021.0,1839.0,11632.0,33303.0,42.82560706401766,35.18518518518518,27.344931921331316,22.4263431542461,17.493058310194368,16.28498727735369,17.415996213913868,15.689981096408317,18.80257298367145,21.479064709081022,35.488308115543326,26.97654865927995
2024,comuna,10,Servicio de Salud Metropolitano Occidente,13124,Pudahuel,Obesidad,252,742,1021,1194,1109,1018,896,929,741,628,3145,11675,906.0,2268.0,2644.0,2885.0,2521.0,2358.0,2113.0,2116.0,2021.0,1839.0,11632.0,33303.0,27.81456953642384,32.71604938271605,38.61573373676248,41.386481802426346,43.99047996826656,43.172179813401186,42.404164694746804,43.90359168241966,36.66501731815933,34.14899401848831,27.03748280605227,35.056901780620365
2024,comuna,10,Servicio de Salud Metropolitano Occidente,13124,Pudahuel,Sobrepeso,223,676,877,1025,962,944,841,849,885,802,3305,11389,906.0,2268.0,2644.0,2885.0,2521.0,2358.0,2113.0,2116.0,2021.0,1839.0,11632.0,33303.0,24.613686534216335,29.80599647266314,33.16944024205749,35.52859618717504,38.1594605315351,40.03392705682782,39.80123047799338,40.12287334593573,43.7902028698664,43.61065796628603,28.41299862448418,34.19812028946341
2024,comuna,10,Servicio de Salud Metropolitano Occidente,13126,Quinta Normal,Bajo peso,43,36,19,15,6,8,6,8,6,11,861,1019,286.0,1232.0,1229.0,1133.0,874.0,738.0,644.0,578.0,502.0,464.0,7697.0,15377.0,15.034965034965033,2.922077922077922,1.545972335231896,1.323918799646955,0.6864988558352403,1.084010840108401,0.9316770186335404,1.384083044982699,1.1952191235059761,2.3706896551724137,11.18617643237625,6.626780256226832
2024,comuna,10,Servicio de Salud Metropolitano Occidente,13126,Quinta Normal,Normal,114,538,419,277,167,148,138,125,123,108,3295,5452,286.0,1232.0,1229.0,1133.0,874.0,738.0,644.0,578.0,502.0,464.0,7697.0,15377.0,39.86013986013986,43.66883116883117,34.09275834011392,24.44836716681377,19.107551487414188,20.05420054200542,21.428571428571427,21.62629757785467,24.50199203187251,23.275862068965516,42.8088865791867,35.45555049749626
2024,comuna,10,Servicio de Salud Metropolitano Occidente,13126,Quinta Normal,Obesidad,50,300,373,432,368,309,257,228,175,133,1649,4274,286.0,1232.0,1229.0,1133.0,874.0,738.0,644.0,578.0,502.0,464.0,7697.0,15377.0,17.482517482517483,24.350649350649352,30.349877949552486,38.128861429832305,42.10526315789473,41.86991869918699,39.90683229813665,39.44636678200692,34.8605577689243,28.663793103448278,21.423931401844875,27.79475840541068
2024,comuna,10,Servicio de Salud Metropolitano Occidente,13126,Quinta Normal,Sobrepeso,79,358,418,409,333,273,243,217,198,212,1892,4632,286.0,1232.0,1229.0,1133.0,874.0,738.0,644.0,578.0,502.0,464.0,7697.0,15377.0,27.62237762237762,29.05844155844156,34.01139137510171,36.09885260370697,38.100686498855836,36.99186991869919,37.732919254658384,37.54325259515571,39.44223107569721,45.689655172413794,24.581005586592177,30.12291084086623
2024,comuna,10,Servicio de Salud Metropolitano Occidente,13128,Renca,Bajo peso,94,40,17,13,8,5,10,11,3,15,713,929,1305.0,1353.0,1502.0,1440.0,1297.0,1287.0,1153.0,995.0,782.0,687.0,6937.0,18738.0,7.203065134099616,2.9563932002956395,1.1318242343541944,0.9027777777777777,0.6168080185042405,0.3885003885003885,0.8673026886383347,1.105527638190955,0.3836317135549872,2.1834061135371177,10.278218249963961,4.957839684064468
2024,comuna,10,Servicio de Salud Metropolitano Occidente,13128,Renca,Normal,579,443,364,300,226,214,193,169,169,177,2455,5289,1305.0,1353.0,1502.0,1440.0,1297.0,1287.0,1153.0,995.0,782.0,687.0,6937.0,18738.0,44.36781609195402,32.742054693274206,24.234354194407455,20.833333333333336,17.424826522744794,16.627816627816628,16.73894189071986,16.984924623115578,21.611253196930946,25.76419213973799,35.38993801355053,28.226064681396096
2024,comuna,10,Servicio de Salud Metropolitano Occidente,13128,Renca,Obesidad,317,466,598,644,595,585,540,449,319,229,1786,6528,1305.0,1353.0,1502.0,1440.0,1297.0,1287.0,1153.0,995.0,782.0,687.0,6937.0,18738.0,24.291187739463602,34.4419807834442,39.81358189081225,44.72222222222222,45.87509637625289,45.45454545454545,46.83434518647008,45.12562814070352,40.79283887468031,33.33333333333333,25.74599971169093,34.838296509766245
2024,comuna,10,Servicio de Salud Metropolitano Occidente,13128,Renca,Sobrepeso,315,404,523,483,468,483,410,366,291,266,1983,5992,1305.0,1353.0,1502.0,1440.0,1297.0,1287.0,1153.0,995.0,782.0,687.0,6937.0,18738.0,24.137931034482758,29.859571322985957,34.8202396804261,33.541666666666664,36.08326908249807,37.52913752913753,35.55941023417172,36.78391959798995,37.212276214833764,38.719068413391554,28.585844024794582,31.97779912477319
2024,comuna,10,Servicio de Salud Metropolitano Occidente,13501,Melipilla,Bajo peso,1,12,7,5,10,0,2,7,5,9,625,683,55.0,1108.0,1379.0,1410.0,1286.0,1043.0,783.0,653.0,540.0,377.0,5778.0,14412.0,1.8181818181818181,1.083032490974729,0.5076142131979695,0.3546099290780142,0.7776049766718507,0.0,0.2554278416347382,1.0719754977029097,0.9259259259259258,2.3872679045092835,10.816891658013153,4.739106300305301
2024,comuna,10,Servicio de Salud Metropolitano Occidente,13501,Melipilla,Normal,22,391,360,261,225,166,116,99,100,77,2153,3970,55.0,1108.0,1379.0,1410.0,1286.0,1043.0,783.0,653.0,540.0,377.0,5778.0,14412.0,40.0,35.28880866425993,26.10587382160986,18.51063829787234,17.49611197511664,15.915627996164908,14.814814814814813,15.160796324655438,18.51851851851852,20.424403183023873,37.26202838352371,27.546489036913684
2024,comuna,10,Servicio de Salud Metropolitano Occidente,13501,Melipilla,Obesidad,20,387,522,628,575,478,354,270,201,115,1307,4857,55.0,1108.0,1379.0,1410.0,1286.0,1043.0,783.0,653.0,540.0,377.0,5778.0,14412.0,36.36363636363637,34.92779783393502,37.8535170413343,44.53900709219858,44.712286158631414,45.82933844678811,45.21072796934866,41.34762633996937,37.22222222222222,30.50397877984085,22.620283835237107,33.70108243130724
2024,comuna,10,Servicio de Salud Metropolitano Occidente,13501,Melipilla,Sobrepeso,12,318,490,516,476,399,311,277,234,176,1693,4902,55.0,1108.0,1379.0,1410.0,1286.0,1043.0,783.0,653.0,540.0,377.0,5778.0,14412.0,21.818181818181817,28.700361010830328,35.53299492385787,36.59574468085106,37.01399688958009,38.25503355704698,39.71902937420179,42.41960183767228,43.333333333333336,46.684350132625994,29.300796123226032,34.01332223147377
2024,comuna,10,Servicio de Salud Metropolitano Occidente,13502,Alhué,Bajo peso,0,4,2,2,1,0,0,0,1,0,61,71,5.0,99.0,123.0,136.0,137.0,100.0,69.0,72.0,45.0,29.0,704.0,1519.0,0.0,4.040404040404041,1.6260162601626018,1.4705882352941175,0.7299270072992701,0.0,0.0,0.0,2.2222222222222223,0.0,8.664772727272728,4.67412771560237
2024,comuna,10,Servicio de Salud Metropolitano Occidente,13502,Alhué,Normal,2,39,43,31,28,21,10,9,7,7,245,442,5.0,99.0,123.0,136.0,137.0,100.0,69.0,72.0,45.0,29.0,704.0,1519.0,40.0,39.39393939393939,34.959349593495936,22.794117647058822,20.437956204379564,21.0,14.492753623188406,12.5,15.555555555555555,24.137931034482758,34.80113636363637,29.098090849242926
2024,comuna,10,Servicio de Salud Metropolitano Occidente,13502,Alhué,Obesidad,2,33,42,47,51,39,32,31,17,6,190,490,5.0,99.0,123.0,136.0,137.0,100.0,69.0,72.0,45.0,29.0,704.0,1519.0,40.0,33.33333333333333,34.146341463414636,34.55882352941176,37.22627737226277,39.0,46.3768115942029,43.05555555555556,37.77777777777778,20.689655172413794,26.988636363636363,32.25806451612903
2024,comuna,10,Servicio de Salud Metropolitano Occidente,13502,Alhué,Sobrepeso,1,23,36,56,57,40,27,32,20,16,208,516,5.0,99.0,123.0,136.0,137.0,100.0,69.0,72.0,45.0,29.0,704.0,1519.0,20.0,23.232323232323232,29.268292682926827,41.17647058823529,41.605839416058394,40.0,39.130434782608695,44.44444444444444,44.44444444444444,55.172413793103445,29.545454545454547,33.96971691902567
2024,comuna,10,Servicio de Salud Metropolitano Occidente,13503,Curacaví,Bajo peso,0,0,0,1,0,1,0,1,0,1,60,64,6.0,60.0,89.0,110.0,103.0,76.0,52.0,63.0,61.0,49.0,807.0,1476.0,0.0,0.0,0.0,0.9090909090909091,0.0,1.3157894736842104,0.0,1.5873015873015872,0.0,2.0408163265306123,7.434944237918216,4.336043360433604
2024,comuna,10,Servicio de Salud Metropolitano Occidente,13503,Curacaví,Normal,2,21,17,21,11,13,9,15,11,10,305,435,6.0,60.0,89.0,110.0,103.0,76.0,52.0,63.0,61.0,49.0,807.0,1476.0,33.33333333333333,35.0,19.101123595505616,19.090909090909093,10.679611650485436,17.105263157894736,17.307692307692307,23.809523809523807,18.0327868852459,20.408163265306122,37.79429987608427,29.471544715447155
2024,comuna,10,Servicio de Salud Metropolitano Occidente,13503,Curacaví,Obesidad,1,23,39,50,51,28,23,22,28,16,214,495,6.0,60.0,89.0,110.0,103.0,76.0,52.0,63.0,61.0,49.0,807.0,1476.0,16.666666666666664,38.333333333333336,43.82022471910113,45.45454545454545,49.51456310679612,36.84210526315789,44.230769230769226,34.92063492063492,45.90163934426229,32.6530612244898,26.517967781908304,33.53658536585366
2024,comuna,10,Servicio de Salud Metropolitano Occidente,13503,Curacaví,Sobrepeso,3,16,33,38,41,34,20,25,22,22,228,482,6.0,60.0,89.0,110.0,103.0,76.0,52.0,63.0,61.0,49.0,807.0,1476.0,50.0,26.666666666666668,37.07865168539326,34.54545454545455,39.80582524271845,44.73684210526316,38.46153846153847,39.682539682539684,36.0655737704918,44.89795918367347,28.25278810408922,32.65582655826558
2024,comuna,10,Servicio de Salud Metropolitano Occidente,13504,Maria Pinto,Bajo peso,1,1,2,0,0,0,1,0,5,2,84,96,11.0,71.0,97.0,89.0,103.0,89.0,69.0,85.0,86.0,74.0,853.0,1627.0,9.090909090909092,1.4084507042253522,2.0618556701030926,0.0,0.0,0.0,1.4492753623188406,0.0,5.813953488372093,2.7027027027027026,9.847596717467761,5.900430239704979
2024,comuna,10,Servicio de Salud Metropolitano Occidente,13504,Maria Pinto,Normal,6,22,19,23,15,18,8,15,13,17,317,473,11.0,71.0,97.0,89.0,103.0,89.0,69.0,85.0,86.0,74.0,853.0,1627.0,54.54545454545454,30.985915492957744,19.587628865979383,25.842696629213485,14.563106796116504,20.224719101123593,11.594202898550725,17.647058823529413,15.11627906976744,22.972972972972975,37.162954279015246,29.071911493546406
2024,comuna,10,Servicio de Salud Metropolitano Occidente,13504,Maria Pinto,Obesidad,1,23,44,41,58,50,32,37,36,24,214,560,11.0,71.0,97.0,89.0,103.0,89.0,69.0,85.0,86.0,74.0,853.0,1627.0,9.090909090909092,32.3943661971831,45.36082474226804,46.06741573033708,56.310679611650485,56.17977528089888,46.3768115942029,43.529411764705884,41.86046511627907,32.432432432432435,25.087924970691677,34.41917639827904
2024,comuna,10,Servicio de Salud Metropolitano Occidente,13504,Maria Pinto,Sobrepeso,3,25,32,25,30,21,28,33,32,31,238,498,11.0,71.0,97.0,89.0,103.0,89.0,69.0,85.0,86.0,74.0,853.0,1627.0,27.27272727272727,35.2112676056338,32.98969072164948,28.08988764044944,29.126213592233007,23.595505617977526,40.57971014492754,38.82352941176471,37.2093023255814,41.891891891891895,27.90152403282532,30.60848186846958
2024,comuna,10,Servicio de Salud Metropolitano Occidente,13505,San Pedro,Bajo peso,0,1,0,1,5,15,4,4,3,1,26,60,12.0,102.0,149.0,173.0,161.0,153.0,101.0,103.0,78.0,67.0,415.0,1514.0,0.0,0.9803921568627451,0.0,0.5780346820809248,3.1055900621118013,9.803921568627452,3.9603960396039604,3.8834951456310676,3.8461538461538463,1.4925373134328357,6.265060240963856,3.963011889035667
2024,comuna,10,Servicio de Salud Metropolitano Occidente,13505,San Pedro,Normal,5,46,64,55,40,46,19,15,17,28,137,472,12.0,102.0,149.0,173.0,161.0,153.0,101.0,103.0,78.0,67.0,415.0,1514.0,41.66666666666667,45.09803921568628,42.95302013422819,31.79190751445087,24.84472049689441,30.065359477124183,18.81188118811881,14.563106796116504,21.794871794871796,41.7910447761194,33.01204819277108,31.175693527080583
2024,comuna,10,Servicio de Salud Metropolitano Occidente,13505,San Pedro,Obesidad,3,34,51,59,62,44,40,50,26,21,101,491,12.0,102.0,149.0,173.0,161.0,153.0,101.0,103.0,78.0,67.0,415.0,1514.0,25.0,33.33333333333333,34.22818791946309,34.104046242774565,38.50931677018634,28.75816993464052,39.603960396039604,48.54368932038835,33.33333333333333,31.343283582089555,24.337349397590362,32.43064729194188
2024,comuna,10,Servicio de Salud Metropolitano Occidente,13505,San Pedro,Sobrepeso,4,21,34,58,54,48,38,34,32,17,151,491,12.0,102.0,149.0,173.0,161.0,153.0,101.0,103.0,78.0,67.0,415.0,1514.0,33.33333333333333,20.588235294117645,22.818791946308725,33.52601156069364,33.54037267080746,31.372549019607842,37.62376237623762,33.00970873786408,41.02564102564102,25.37313432835821,36.385542168674704,32.43064729194188
2024,comuna,10,Servicio de Salud Metropolitano Occidente,13601,Talagante,Bajo peso,0,7,5,1,4,3,1,1,1,4,317,344,16.0,586.0,666.0,819.0,752.0,643.0,516.0,413.0,341.0,277.0,3076.0,8105.0,0.0,1.1945392491467577,0.7507507507507507,0.1221001221001221,0.5319148936170213,0.46656298600311047,0.1937984496124031,0.24213075060532688,0.2932551319648094,1.444043321299639,10.305591677503251,4.244293645897594
2024,comuna,10,Servicio de Salud Metropolitano Occidente,13601,Talagante,Normal,8,222,173,198,139,126,103,84,64,83,1067,2267,16.0,586.0,666.0,819.0,752.0,643.0,516.0,413.0,341.0,277.0,3076.0,8105.0,50.0,37.883959044368595,25.975975975975974,24.175824175824175,18.48404255319149,19.59564541213064,19.961240310077518,20.33898305084746,18.7683284457478,29.96389891696751,34.68790637191157,27.97038864898211
2024,comuna,10,Servicio de Salud Metropolitano Occidente,13601,Talagante,Obesidad,4,184,244,339,327,287,212,151,132,76,785,2741,16.0,586.0,666.0,819.0,752.0,643.0,516.0,413.0,341.0,277.0,3076.0,8105.0,25.0,31.399317406143346,36.63663663663664,41.39194139194139,43.484042553191486,44.63452566096423,41.08527131782946,36.56174334140436,38.70967741935484,27.436823104693143,25.520156046814048,33.81863047501542
2024,comuna,10,Servicio de Salud Metropolitano Occidente,13601,Talagante,Sobrepeso,4,173,244,281,282,227,200,177,144,114,907,2753,16.0,586.0,666.0,819.0,752.0,643.0,516.0,413.0,341.0,277.0,3076.0,8105.0,25.0,29.522184300341298,36.63663663663664,34.31013431013431,37.5,35.30326594090202,38.759689922480625,42.857142857142854,42.22873900293255,41.15523465703971,29.486345903771134,33.966687230104874
2024,comuna,10,Servicio de Salud Metropolitano Occidente,13602,El Monte,Bajo peso,2,5,7,9,1,2,2,3,2,2,308,343,20.0,337.0,397.0,391.0,375.0,307.0,272.0,242.0,185.0,157.0,1828.0,4511.0,10.0,1.483679525222552,1.7632241813602016,2.3017902813299234,0.26666666666666666,0.6514657980456027,0.7352941176470588,1.2396694214876034,1.0810810810810811,1.2738853503184715,16.849015317286653,7.603635557526048
2024,comuna,10,Servicio de Salud Metropolitano Occidente,13602,El Monte,Normal,6,116,100,86,70,58,50,36,41,35,617,1215,20.0,337.0,397.0,391.0,375.0,307.0,272.0,242.0,185.0,157.0,1828.0,4511.0,30.0,34.42136498516321,25.188916876574307,21.994884910485936,18.666666666666668,18.892508143322477,18.38235294117647,14.87603305785124,22.162162162162165,22.29299363057325,33.7527352297593,26.934160939924627
2024,comuna,10,Servicio de Salud Metropolitano Occidente,13602,El Monte,Obesidad,5,113,163,164,155,136,115,116,64,61,427,1519,20.0,337.0,397.0,391.0,375.0,307.0,272.0,242.0,185.0,157.0,1828.0,4511.0,25.0,33.531157270029674,41.05793450881612,41.94373401534527,41.333333333333336,44.299674267100976,42.279411764705884,47.93388429752066,34.5945945945946,38.853503184713375,23.35886214442013,33.67324318332964
2024,comuna,10,Servicio de Salud Metropolitano Occidente,13602,El Monte,Sobrepeso,7,103,127,132,149,111,105,87,78,59,476,1434,20.0,337.0,397.0,391.0,375.0,307.0,272.0,242.0,185.0,157.0,1828.0,4511.0,35.0,30.56379821958457,31.98992443324937,33.75959079283887,39.733333333333334,36.156351791530945,38.60294117647059,35.9504132231405,42.16216216216216,37.57961783439491,26.039387308533918,31.788960319219683
2024,comuna,10,Servicio de Salud Metropolitano Occidente,13603,Isla de Maipo,Bajo peso,0,4,6,1,3,0,0,3,0,0,179,196,19.0,286.0,345.0,368.0,325.0,262.0,232.0,190.0,162.0,137.0,1940.0,4266.0,0.0,1.3986013986013985,1.7391304347826086,0.2717391304347826,0.9230769230769231,0.0,0.0,1.5789473684210527,0.0,0.0,9.226804123711341,4.594467885607126
2024,comuna,10,Servicio de Salud Metropolitano Occidente,13603,Isla de Maipo,Normal,8,79,80,59,51,46,39,29,34,36,725,1186,19.0,286.0,345.0,368.0,325.0,262.0,232.0,190.0,162.0,137.0,1940.0,4266.0,42.10526315789473,27.62237762237762,23.18840579710145,16.032608695652172,15.692307692307692,17.557251908396946,16.810344827586206,15.263157894736842,20.98765432098765,26.277372262773724,37.371134020618555,27.80121894045945
2024,comuna,10,Servicio de Salud Metropolitano Occidente,13603,Isla de Maipo,Obesidad,6,115,144,185,156,128,103,74,56,50,483,1500,19.0,286.0,345.0,368.0,325.0,262.0,232.0,190.0,162.0,137.0,1940.0,4266.0,31.57894736842105,40.20979020979021,41.73913043478261,50.27173913043478,48.0,48.854961832061065,44.396551724137936,38.94736842105263,34.5679012345679,36.496350364963504,24.896907216494846,35.16174402250351
2024,comuna,10,Servicio de Salud Metropolitano Occidente,13603,Isla de Maipo,Sobrepeso,5,88,115,123,115,88,90,84,72,51,553,1384,19.0,286.0,345.0,368.0,325.0,262.0,232.0,190.0,162.0,137.0,1940.0,4266.0,26.31578947368421,30.76923076923077,33.33333333333333,33.42391304347826,35.38461538461539,33.587786259541986,38.793103448275865,44.21052631578947,44.44444444444444,37.22627737226277,28.505154639175256,32.442569151429915
2024,comuna,10,Servicio de Salud Metropolitano Occidente,13604,Padre Hurtado,Bajo peso,3,14,5,3,1,1,1,3,4,4,314,353,183.0,495.0,582.0,552.0,503.0,458.0,381.0,427.0,415.0,365.0,3159.0,7520.0,1.639344262295082,2.8282828282828283,0.859106529209622,0.5434782608695652,0.19880715705765406,0.21834061135371177,0.26246719160104987,0.702576112412178,0.9638554216867471,1.095890410958904,9.939854384298828,4.694148936170213
2024,comuna,10,Servicio de Salud Metropolitano Occidente,13604,Padre Hurtado,Normal,74,157,121,98,78,58,55,66,68,91,1093,1959,183.0,495.0,582.0,552.0,503.0,458.0,381.0,427.0,415.0,365.0,3159.0,7520.0,40.43715846994536,31.717171717171716,20.790378006872853,17.753623188405797,15.50695825049702,12.663755458515283,14.435695538057743,15.456674473067917,16.3855421686747,24.93150684931507,34.599556821779046,26.050531914893615
2024,comuna,10,Servicio de Salud Metropolitano Occidente,13604,Padre Hurtado,Obesidad,54,186,281,241,237,230,182,181,182,105,816,2695,183.0,495.0,582.0,552.0,503.0,458.0,381.0,427.0,415.0,365.0,3159.0,7520.0,29.508196721311474,37.57575757575757,48.281786941580755,43.65942028985507,47.11729622266402,50.21834061135371,47.76902887139108,42.38875878220141,43.855421686746986,28.767123287671232,25.8309591642925,35.83776595744681
2024,comuna,10,Servicio de Salud Metropolitano Occidente,13604,Padre Hurtado,Sobrepeso,52,138,175,210,187,169,143,177,161,165,936,2513,183.0,495.0,582.0,552.0,503.0,458.0,381.0,427.0,415.0,365.0,3159.0,7520.0,28.415300546448087,27.878787878787882,30.06872852233677,38.04347826086957,37.17693836978131,36.8995633187773,37.53280839895013,41.451990632318505,38.795180722891565,45.20547945205479,29.629629629629626,33.41755319148936
2024,comuna,10,Servicio de Salud Metropolitano Occidente,13605,Peñaflor,Bajo peso,0,15,9,2,4,0,4,0,1,1,546,582,31.0,750.0,903.0,931.0,868.0,766.0,715.0,686.0,583.0,447.0,4726.0,11406.0,0.0,2.0,0.9966777408637874,0.21482277121374865,0.4608294930875576,0.0,0.5594405594405595,0.0,0.17152658662092624,0.22371364653243847,11.55311045281422,5.102577590741715
2024,comuna,10,Servicio de Salud Metropolitano Occidente,13605,Peñaflor,Normal,11,246,241,204,164,113,136,126,133,110,1630,3114,31.0,750.0,903.0,931.0,868.0,766.0,715.0,686.0,583.0,447.0,4726.0,11406.0,35.483870967741936,32.800000000000004,26.688815060908084,21.911922663802365,18.89400921658986,14.75195822454308,19.02097902097902,18.367346938775512,22.81303602058319,24.60850111856823,34.49005501481168,27.301420305102575
2024,comuna,10,Servicio de Salud Metropolitano Occidente,13605,Peñaflor,Obesidad,11,265,318,379,367,309,284,270,207,138,1227,3775,31.0,750.0,903.0,931.0,868.0,766.0,715.0,686.0,583.0,447.0,4726.0,11406.0,35.483870967741936,35.333333333333336,35.21594684385382,40.70891514500537,42.28110599078341,40.33942558746737,39.72027972027972,39.35860058309038,35.506003430531734,30.87248322147651,25.962759204401188,33.09661581623707
2024,comuna,10,Servicio de Salud Metropolitano Occidente,13605,Peñaflor,Sobrepeso,9,224,335,346,333,344,291,290,242,198,1323,3935,31.0,750.0,903.0,931.0,868.0,766.0,715.0,686.0,583.0,447.0,4726.0,11406.0,29.03225806451613,29.86666666666667,37.098560354374314,37.16433941997852,38.36405529953917,44.90861618798956,40.6993006993007,42.27405247813411,41.509433962264154,44.29530201342282,27.99407532797292,34.49938628791864
2024,comuna,11,Servicio de Salud Metropolitano Central,13101,Santiago,Bajo peso,8,62,45,34,19,13,23,13,17,30,1668,1932,105.0,2048.0,2545.0,3059.0,2839.0,2500.0,2048.0,1932.0,1723.0,1720.0,13656.0,34175.0,7.6190476190476195,3.02734375,1.768172888015717,1.1114743380189605,0.6692497358224727,0.52,1.123046875,0.6728778467908902,0.9866511897852582,1.744186046511628,12.214411247803165,5.6532553035844915
2024,comuna,11,Servicio de Salud Metropolitano Central,13101,Santiago,Normal,52,881,868,940,747,608,463,413,433,449,5713,11567,105.0,2048.0,2545.0,3059.0,2839.0,2500.0,2048.0,1932.0,1723.0,1720.0,13656.0,34175.0,49.523809523809526,43.017578125,34.10609037328094,30.72899640405361,26.31208171891511,24.32,22.607421875,21.3768115942029,25.130586186883342,26.1046511627907,41.835090802577625,33.84637893196781
2024,comuna,11,Servicio de Salud Metropolitano Central,13101,Santiago,Obesidad,19,483,764,998,1014,940,785,701,589,525,2710,9528,105.0,2048.0,2545.0,3059.0,2839.0,2500.0,2048.0,1932.0,1723.0,1720.0,13656.0,34175.0,18.095238095238095,23.583984375,30.019646365422396,32.62504086302713,35.716801690736176,37.6,38.330078125,36.28364389233955,34.184561810795124,30.523255813953487,19.84475688342121,27.880029261155816
2024,comuna,11,Servicio de Salud Metropolitano Central,13101,Santiago,Sobrepeso,26,622,868,1087,1059,939,777,805,684,716,3565,11148,105.0,2048.0,2545.0,3059.0,2839.0,2500.0,2048.0,1932.0,1723.0,1720.0,13656.0,34175.0,24.761904761904763,30.37109375,34.10609037328094,35.53448839490029,37.301866854526246,37.56,37.939453125,41.66666666666667,39.69820081253627,41.627906976744185,26.105741066198007,32.62033650329188
2024,comuna,11,Servicio de Salud Metropolitano Central,13102,Cerrillos,Bajo peso,26,11,6,2,3,3,2,2,5,3,249,312,565.0,464.0,534.0,510.0,484.0,462.0,389.0,405.0,421.0,334.0,3644.0,8212.0,4.601769911504425,2.3706896551724137,1.1235955056179776,0.39215686274509803,0.6198347107438017,0.6493506493506493,0.5141388174807198,0.49382716049382713,1.187648456057007,0.8982035928143712,6.833150384193194,3.7993180711154406
2024,comuna,11,Servicio de Salud Metropolitano Central,13102,Cerrillos,Normal,260,158,163,115,114,93,81,68,82,68,1362,2564,565.0,464.0,534.0,510.0,484.0,462.0,389.0,405.0,421.0,334.0,3644.0,8212.0,46.017699115044245,34.05172413793103,30.52434456928839,22.54901960784314,23.553719008264462,20.12987012987013,20.822622107969153,16.790123456790123,19.47743467933492,20.35928143712575,37.37650933040615,31.222601071602536
2024,comuna,11,Servicio de Salud Metropolitano Central,13102,Cerrillos,Obesidad,143,153,182,198,195,189,160,172,157,111,876,2536,565.0,464.0,534.0,510.0,484.0,462.0,389.0,405.0,421.0,334.0,3644.0,8212.0,25.309734513274336,32.974137931034484,34.08239700374532,38.82352941176471,40.289256198347104,40.909090909090914,41.131105398457585,42.46913580246914,37.29216152019003,33.23353293413174,24.039517014270036,30.88163662932294
2024,comuna,11,Servicio de Salud Metropolitano Central,13102,Cerrillos,Sobrepeso,136,142,183,195,172,177,146,163,177,152,1157,2800,565.0,464.0,534.0,510.0,484.0,462.0,389.0,405.0,421.0,334.0,3644.0,8212.0,24.07079646017699,30.603448275862068,34.26966292134831,38.23529411764706,35.53719008264463,38.311688311688314,37.53213367609254,40.24691358024691,42.042755344418055,45.50898203592814,31.750823271130624,34.09644422795908
2024,comuna,11,Servicio de Salud Metropolitano Central,13106,Estación Central,Bajo peso,17,31,17,11,6,9,3,2,6,11,439,552,170.0,843.0,1144.0,1261.0,1078.0,913.0,679.0,646.0,574.0,536.0,4216.0,12060.0,10.0,3.6773428232502967,1.486013986013986,0.8723235527359239,0.5565862708719851,0.9857612267250823,0.4418262150220913,0.30959752321981426,1.0452961672473868,2.0522388059701493,10.412713472485768,4.577114427860696
2024,comuna,11,Servicio de Salud Metropolitano Central,13106,Estación Central,Normal,82,284,311,293,218,171,99,109,117,108,1608,3400,170.0,843.0,1144.0,1261.0,1078.0,913.0,679.0,646.0,574.0,536.0,4216.0,12060.0,48.23529411764706,33.68920521945433,27.185314685314687,23.2355273592387,20.222634508348794,18.729463307776562,14.580265095729015,16.873065015479877,20.38327526132404,20.149253731343283,38.1404174573055,28.192371475953564
2024,comuna,11,Servicio de Salud Metropolitano Central,13106,Estación Central,Obesidad,29,271,420,481,444,397,309,280,215,175,1015,4036,170.0,843.0,1144.0,1261.0,1078.0,913.0,679.0,646.0,574.0,536.0,4216.0,12060.0,17.058823529411764,32.147093712930015,36.71328671328671,38.144329896907216,41.1873840445269,43.48302300109529,45.50810014727541,43.343653250774,37.45644599303136,32.649253731343286,24.07495256166983,33.466003316749585
2024,comuna,11,Servicio de Salud Metropolitano Central,13106,Estación Central,Sobrepeso,42,257,396,476,410,336,268,255,236,242,1154,4072,170.0,843.0,1144.0,1261.0,1078.0,913.0,679.0,646.0,574.0,536.0,4216.0,12060.0,24.705882352941178,30.486358244365363,34.61538461538461,37.74781919111816,38.03339517625232,36.801752464403066,39.46980854197349,39.473684210526315,41.11498257839721,45.149253731343286,27.371916508538902,33.76451077943615
2024,comuna,11,Servicio de Salud Metropolitano Central,13119,Maipú,Bajo peso,6,95,48,27,13,18,13,11,15,21,1978,2245,261.0,3955.0,3614.0,3368.0,3113.0,2735.0,2362.0,2439.0,2421.0,2452.0,21322.0,48042.0,2.2988505747126435,2.402022756005057,1.3281682346430548,0.8016627078384799,0.4176035978156119,0.6581352833638026,0.550381033022862,0.4510045100451004,0.6195786864931847,0.8564437194127243,9.276803301754057,4.6729944631780524
2024,comuna,11,Servicio de Salud Metropolitano Central,13119,Maipú,Normal,96,1494,1102,747,639,545,411,467,495,585,8051,14632,261.0,3955.0,3614.0,3368.0,3113.0,2735.0,2362.0,2439.0,2421.0,2452.0,21322.0,48042.0,36.7816091954023,37.77496839443742,30.492529053680133,22.179334916864608,20.526823000321233,19.926873857404022,17.40050804403048,19.147191471914716,20.44609665427509,23.858075040783035,37.75912203358034,30.45668373506515
2024,comuna,11,Servicio de Salud Metropolitano Central,13119,Maipú,Obesidad,78,1106,1273,1389,1331,1128,996,951,872,799,4929,14852,261.0,3955.0,3614.0,3368.0,3113.0,2735.0,2362.0,2439.0,2421.0,2452.0,21322.0,48042.0,29.88505747126437,27.964601769911507,35.22412838959602,41.24109263657957,42.75618374558304,41.24314442413163,42.167654530059274,38.99138991389914,36.018174308137134,32.58564437194128,23.1169683894569,30.914616377336497
2024,comuna,11,Servicio de Salud Metropolitano Central,13119,Maipú,Sobrepeso,81,1260,1191,1205,1130,1044,942,1010,1039,1047,6364,16313,261.0,3955.0,3614.0,3368.0,3113.0,2735.0,2362.0,2439.0,2421.0,2452.0,21322.0,48042.0,31.03448275862069,31.858407079646017,32.9551743220808,35.77790973871734,36.29938965628012,38.17184643510055,39.88145639288738,41.41041410414104,42.916150351094586,42.69983686786297,29.847106275208706,33.9557054244203
2024,comuna,12,Servicio de Salud Metropolitano Oriente,13113,La Reina,Bajo peso,1,9,10,2,4,4,3,4,5,5,618,665,15.0,449.0,408.0,412.0,417.0,377.0,405.0,432.0,376.0,319.0,4577.0,8187.0,6.666666666666667,2.0044543429844097,2.450980392156863,0.48543689320388345,0.9592326139088728,1.0610079575596816,0.7407407407407408,0.9259259259259258,1.3297872340425532,1.5673981191222568,13.502294079091106,8.12263344326371
2024,comuna,12,Servicio de Salud Metropolitano Oriente,13113,La Reina,Normal,5,175,130,114,118,94,92,105,88,116,1871,2908,15.0,449.0,408.0,412.0,417.0,377.0,405.0,432.0,376.0,319.0,4577.0,8187.0,33.33333333333333,38.97550111358575,31.862745098039213,27.669902912621357,28.297362110311752,24.93368700265252,22.71604938271605,24.305555555555554,23.404255319148938,36.36363636363637,40.87830456630981,35.51972639550507
2024,comuna,12,Servicio de Salud Metropolitano Oriente,13113,La Reina,Obesidad,4,127,137,142,146,138,164,146,129,76,868,2077,15.0,449.0,408.0,412.0,417.0,377.0,405.0,432.0,376.0,319.0,4577.0,8187.0,26.666666666666668,28.28507795100223,33.57843137254902,34.46601941747573,35.011990407673856,36.60477453580902,40.49382716049383,33.7962962962963,34.308510638297875,23.824451410658305,18.964387153157087,25.36948821302064
2024,comuna,12,Servicio de Salud Metropolitano Oriente,13113,La Reina,Sobrepeso,5,138,131,154,149,141,146,177,154,122,1220,2537,15.0,449.0,408.0,412.0,417.0,377.0,405.0,432.0,376.0,319.0,4577.0,8187.0,33.33333333333333,30.734966592427615,32.1078431372549,37.37864077669903,35.73141486810552,37.40053050397878,36.04938271604938,40.97222222222222,40.95744680851064,38.24451410658307,26.65501420144199,30.98815194821058
2024,comuna,12,Servicio de Salud Metropolitano Oriente,13114,Las Condes,Bajo peso,27,37,26,15,14,6,7,5,9,15,1481,1642,386.0,668.0,729.0,777.0,742.0,698.0,768.0,710.0,690.0,710.0,9416.0,16294.0,6.994818652849741,5.538922155688622,3.5665294924554183,1.9305019305019304,1.8867924528301887,0.8595988538681949,0.9114583333333334,0.7042253521126761,1.3043478260869565,2.112676056338028,15.728547153780797,10.07732907818829
2024,comuna,12,Servicio de Salud Metropolitano Oriente,13114,Las Condes,Normal,202,306,287,256,219,196,219,217,194,233,4191,6520,386.0,668.0,729.0,777.0,742.0,698.0,768.0,710.0,690.0,710.0,9416.0,16294.0,52.331606217616574,45.808383233532936,39.36899862825789,32.94723294723295,29.514824797843666,28.08022922636103,28.515625,30.56338028169014,28.115942028985508,32.816901408450704,44.50934579439252,40.01472934822634
2024,comuna,12,Servicio de Salud Metropolitano Oriente,13114,Las Condes,Obesidad,70,155,178,220,217,232,229,212,183,167,1373,3236,386.0,668.0,729.0,777.0,742.0,698.0,768.0,710.0,690.0,710.0,9416.0,16294.0,18.134715025906736,23.20359281437126,24.417009602194785,28.314028314028317,29.245283018867923,33.2378223495702,29.817708333333332,29.859154929577464,26.521739130434785,23.52112676056338,14.581563296516567,19.86007119184976
2024,comuna,12,Servicio de Salud Metropolitano Oriente,13114,Las Condes,Sobrepeso,87,170,238,286,292,264,313,276,304,295,2371,4896,386.0,668.0,729.0,777.0,742.0,698.0,768.0,710.0,690.0,710.0,9416.0,16294.0,22.53886010362694,25.449101796407188,32.647462277091904,36.80823680823681,39.35309973045822,37.82234957020057,40.75520833333333,38.87323943661972,44.05797101449275,41.54929577464789,25.180543755310108,30.04787038173561
2024,comuna,12,Servicio de Salud Metropolitano Oriente,13115,Lo Barnechea,Bajo peso,1,11,4,2,2,1,3,1,2,7,258,292,10.0,392.0,404.0,427.0,425.0,420.0,380.0,381.0,351.0,272.0,2933.0,6395.0,10.0,2.806122448979592,0.9900990099009901,0.468384074941452,0.4705882352941176,0.2380952380952381,0.7894736842105263,0.26246719160104987,0.5698005698005698,2.5735294117647056,8.796454142516195,4.566067240031275
2024,comuna,12,Servicio de Salud Metropolitano Oriente,13115,Lo Barnechea,Normal,4,159,107,103,82,72,71,84,61,75,1002,1820,10.0,392.0,404.0,427.0,425.0,420.0,380.0,381.0,351.0,272.0,2933.0,6395.0,40.0,40.56122448979592,26.48514851485149,24.121779859484775,19.294117647058822,17.142857142857142,18.684210526315788,22.04724409448819,17.37891737891738,27.573529411764707,34.16297306512104,28.459734167318217
2024,comuna,12,Servicio de Salud Metropolitano Oriente,13115,Lo Barnechea,Obesidad,1,96,159,169,161,175,143,108,102,64,771,1949,10.0,392.0,404.0,427.0,425.0,420.0,380.0,381.0,351.0,272.0,2933.0,6395.0,10.0,24.489795918367346,39.35643564356436,39.578454332552695,37.88235294117647,41.66666666666667,37.631578947368425,28.346456692913385,29.059829059829063,23.52941176470588,26.28707807705421,30.476935105551213
2024,comuna,12,Servicio de Salud Metropolitano Oriente,13115,Lo Barnechea,Sobrepeso,4,126,134,153,180,172,163,188,186,126,902,2334,10.0,392.0,404.0,427.0,425.0,420.0,380.0,381.0,351.0,272.0,2933.0,6395.0,40.0,32.142857142857146,33.16831683168317,35.831381733021075,42.35294117647059,40.95238095238095,42.89473684210526,49.343832020997375,52.991452991452995,46.32352941176471,30.75349471530856,36.497263487099296
2024,comuna,12,Servicio de Salud Metropolitano Oriente,13118,Macul,Bajo peso,4,75,25,18,8,7,5,10,11,26,1106,1295,50.0,1760.0,1751.0,1933.0,1563.0,1356.0,1269.0,1134.0,1208.0,1304.0,9406.0,22734.0,8.0,4.261363636363636,1.4277555682467162,0.9311950336264873,0.5118362124120281,0.5162241887905604,0.3940110323089046,0.8818342151675485,0.9105960264900662,1.9938650306748467,11.758452051881777,5.696313891088238
2024,comuna,12,Servicio de Salud Metropolitano Oriente,13118,Macul,Normal,18,699,586,510,370,309,240,243,287,380,3822,7464,50.0,1760.0,1751.0,1933.0,1563.0,1356.0,1269.0,1134.0,1208.0,1304.0,9406.0,22734.0,36.0,39.71590909090909,33.466590519703026,26.383859286083805,23.6724248240563,22.787610619469024,18.912529550827422,21.428571428571427,23.758278145695364,29.141104294478527,40.63363810333829,32.83188176299816
2024,comuna,12,Servicio de Salud Metropolitano Oriente,13118,Macul,Obesidad,14,434,594,696,588,503,512,426,451,397,1970,6585,50.0,1760.0,1751.0,1933.0,1563.0,1356.0,1269.0,1134.0,1208.0,1304.0,9406.0,22734.0,28.000000000000004,24.659090909090907,33.92347230154197,36.00620796689084,37.61996161228407,37.094395280235986,40.34672970843184,37.56613756613756,37.33443708609271,30.44478527607362,20.944078247926857,28.965426233834783
2024,comuna,12,Servicio de Salud Metropolitano Oriente,13118,Macul,Sobrepeso,14,552,546,709,597,537,512,455,459,501,2508,7390,50.0,1760.0,1751.0,1933.0,1563.0,1356.0,1269.0,1134.0,1208.0,1304.0,9406.0,22734.0,28.000000000000004,31.363636363636367,31.18218161050828,36.67873771339886,38.1957773512476,39.60176991150443,40.34672970843184,40.123456790123456,37.996688741721854,38.420245398773005,26.663831596853072,32.50637811207883
2024,comuna,12,Servicio de Salud Metropolitano Oriente,13120,Ñuñoa,Bajo peso,1,31,16,13,7,7,7,5,3,12,1322,1424,28.0,989.0,1173.0,1362.0,1168.0,965.0,858.0,706.0,691.0,767.0,9052.0,17759.0,3.571428571428571,3.1344792719919106,1.3640238704177323,0.9544787077826725,0.5993150684931506,0.7253886010362695,0.8158508158508158,0.708215297450425,0.43415340086830684,1.564537157757497,14.604507291206364,8.018469508418265
2024,comuna,12,Servicio de Salud Metropolitano Oriente,13120,Ñuñoa,Normal,14,477,465,481,351,288,212,187,186,235,3875,6771,28.0,989.0,1173.0,1362.0,1168.0,965.0,858.0,706.0,691.0,767.0,9052.0,17759.0,50.0,48.23053589484327,39.64194373401534,35.31571218795889,30.0513698630137,29.844559585492224,24.708624708624708,26.487252124645895,26.91751085383502,30.63885267275098,42.80821917808219,38.12714679880624
2024,comuna,12,Servicio de Salud Metropolitano Oriente,13120,Ñuñoa,Obesidad,6,211,326,407,376,321,283,224,198,206,1530,4088,28.0,989.0,1173.0,1362.0,1168.0,965.0,858.0,706.0,691.0,767.0,9052.0,17759.0,21.428571428571427,21.334681496461073,27.791986359761296,29.88252569750367,32.19178082191781,33.26424870466321,32.98368298368298,31.728045325779036,28.65412445730825,26.857887874837026,16.90234202386213,23.01931415057154
2024,comuna,12,Servicio de Salud Metropolitano Oriente,13120,Ñuñoa,Sobrepeso,7,270,366,461,434,349,356,290,304,314,2325,5476,28.0,989.0,1173.0,1362.0,1168.0,965.0,858.0,706.0,691.0,767.0,9052.0,17759.0,25.0,27.30030333670374,31.202046035805626,33.84728340675478,37.15753424657534,36.16580310880829,41.49184149184149,41.07648725212464,43.99421128798842,40.938722294654504,25.684931506849317,30.835069542203954
2024,comuna,12,Servicio de Salud Metropolitano Oriente,13122,Peñalolén,Bajo peso,20,73,38,19,19,16,25,26,29,26,1323,1614,463.0,2349.0,2488.0,2564.0,2254.0,2077.0,1937.0,2038.0,1704.0,1339.0,14697.0,33910.0,4.319654427645788,3.1077054065559815,1.527331189710611,0.7410296411856474,0.8429458740017746,0.7703418391911411,1.2906556530717606,1.2757605495583906,1.7018779342723005,1.9417475728155338,9.001837109614206,4.759657918018283
2024,comuna,12,Servicio de Salud Metropolitano Oriente,13122,Peñalolén,Normal,234,800,656,556,444,376,351,403,408,340,4949,9517,463.0,2349.0,2488.0,2564.0,2254.0,2077.0,1937.0,2038.0,1704.0,1339.0,14697.0,33910.0,50.53995680345572,34.05704555129843,26.366559485530544,21.684867394695786,19.698314108251996,18.103033220991815,18.120805369127517,19.774288518155053,23.943661971830984,25.392083644510826,33.67353881744574,28.065467413742258
2024,comuna,12,Servicio de Salud Metropolitano Oriente,13122,Peñalolén,Obesidad,110,705,1018,1096,977,884,802,799,584,400,3905,11280,463.0,2349.0,2488.0,2564.0,2254.0,2077.0,1937.0,2038.0,1704.0,1339.0,14697.0,33910.0,23.758099352051836,30.01277139208174,40.91639871382637,42.74570982839314,43.34516415261757,42.56138661531054,41.40423335054207,39.20510304219824,34.27230046948357,29.873039581777444,26.570048309178745,33.264523739309936
2024,comuna,12,Servicio de Salud Metropolitano Oriente,13122,Peñalolén,Sobrepeso,99,771,776,893,814,801,759,810,683,573,4520,11499,463.0,2349.0,2488.0,2564.0,2254.0,2077.0,1937.0,2038.0,1704.0,1339.0,14697.0,33910.0,21.382289416846653,32.82247765006386,31.189710610932476,34.82839313572543,36.11357586512866,38.5652383245065,39.184305627258645,39.74484789008832,40.082159624413144,42.79312920089619,30.75457576376131,33.91035092892952
2024,comuna,12,Servicio de Salud Metropolitano Oriente,13123,Providencia,Bajo peso,20,17,11,12,10,6,5,3,9,9,1322,1424,178.0,515.0,700.0,849.0,805.0,684.0,595.0,628.0,497.0,599.0,7967.0,14017.0,11.235955056179774,3.300970873786408,1.5714285714285716,1.4134275618374559,1.2422360248447204,0.8771929824561403,0.8403361344537815,0.47770700636942676,1.8108651911468814,1.5025041736227045,16.593447972888164,10.159092530498679
2024,comuna,12,Servicio de Salud Metropolitano Oriente,13123,Providencia,Normal,109,259,307,335,306,230,169,174,143,183,3607,5822,178.0,515.0,700.0,849.0,805.0,684.0,595.0,628.0,497.0,599.0,7967.0,14017.0,61.23595505617978,50.29126213592233,43.857142857142854,39.45818610129564,38.01242236024845,33.62573099415205,28.403361344537814,27.70700636942675,28.772635814889334,30.550918196994992,45.27425630726748,41.53527859028323
2024,comuna,12,Servicio de Salud Metropolitano Oriente,13123,Providencia,Obesidad,19,110,154,220,213,188,169,186,141,169,1107,2676,178.0,515.0,700.0,849.0,805.0,684.0,595.0,628.0,497.0,599.0,7967.0,14017.0,10.674157303370785,21.35922330097087,22.0,25.91283863368669,26.459627329192546,27.485380116959064,28.403361344537814,29.617834394904456,28.37022132796781,28.213689482470784,13.894816116480483,19.09110365984162
2024,comuna,12,Servicio de Salud Metropolitano Oriente,13123,Providencia,Sobrepeso,30,129,228,282,276,260,252,265,204,238,1931,4095,178.0,515.0,700.0,849.0,805.0,684.0,595.0,628.0,497.0,599.0,7967.0,14017.0,16.853932584269664,25.04854368932039,32.57142857142858,33.215547703180206,34.285714285714285,38.01169590643275,42.35294117647059,42.197452229299365,41.04627766599598,39.73288814691152,24.237479603363877,29.21452521937647
2024,comuna,12,Servicio de Salud Metropolitano Oriente,13132,Vitacura,Bajo peso,0,4,5,3,3,1,1,3,1,3,379,403,1.0,160.0,204.0,226.0,236.0,300.0,343.0,404.0,358.0,299.0,2461.0,4992.0,0.0,2.5,2.450980392156863,1.3274336283185841,1.2711864406779663,0.33333333333333337,0.2915451895043732,0.7425742574257426,0.27932960893854747,1.0033444816053512,15.400243803331978,8.072916666666668
2024,comuna,12,Servicio de Salud Metropolitano Oriente,13132,Vitacura,Normal,1,87,80,90,82,104,102,103,114,94,1096,1953,1.0,160.0,204.0,226.0,236.0,300.0,343.0,404.0,358.0,299.0,2461.0,4992.0,100.0,54.37499999999999,39.21568627450981,39.823008849557525,34.74576271186441,34.66666666666667,29.737609329446062,25.495049504950494,31.843575418994412,31.438127090301005,44.53474197480699,39.12259615384615
2024,comuna,12,Servicio de Salud Metropolitano Oriente,13132,Vitacura,Obesidad,0,26,48,58,58,92,97,115,98,78,376,1046,1.0,160.0,204.0,226.0,236.0,300.0,343.0,404.0,358.0,299.0,2461.0,4992.0,0.0,16.25,23.52941176470588,25.663716814159294,24.576271186440678,30.666666666666664,28.279883381924197,28.465346534653463,27.37430167597765,26.08695652173913,15.278342137342543,20.953525641025642
2024,comuna,12,Servicio de Salud Metropolitano Oriente,13132,Vitacura,Sobrepeso,0,43,71,75,93,103,143,183,145,124,610,1590,1.0,160.0,204.0,226.0,236.0,300.0,343.0,404.0,358.0,299.0,2461.0,4992.0,0.0,26.875,34.80392156862745,33.1858407079646,39.40677966101695,34.333333333333336,41.690962099125365,45.2970297029703,40.502793296089386,41.47157190635451,24.78667208451849,31.850961538461537
2024,comuna,13,Servicio de Salud Metropolitano Sur,13105,El Bosque,Bajo peso,7,56,35,20,14,9,5,11,11,18,1376,1562,175.0,2879.0,2865.0,2930.0,2536.0,2247.0,1708.0,1697.0,1417.0,1331.0,11664.0,31449.0,4.0,1.9451198332754427,1.2216404886561953,0.6825938566552902,0.5520504731861199,0.4005340453938585,0.29274004683840754,0.648202710665881,0.776287932251235,1.35236664162284,11.796982167352537,4.966771598461
2024,comuna,13,Servicio de Salud Metropolitano Sur,13105,El Bosque,Normal,89,942,684,582,437,342,252,308,266,290,3492,7684,175.0,2879.0,2865.0,2930.0,2536.0,2247.0,1708.0,1697.0,1417.0,1331.0,11664.0,31449.0,50.857142857142854,32.71969433831192,23.874345549738223,19.86348122866894,17.231861198738173,15.220293724966622,14.754098360655737,18.149675898644666,18.772053634438958,21.788129226145756,29.938271604938272,24.433209323030937
2024,comuna,13,Servicio de Salud Metropolitano Sur,13105,El Bosque,Obesidad,32,977,1156,1267,1203,1033,778,693,568,441,3022,11170,175.0,2879.0,2865.0,2930.0,2536.0,2247.0,1708.0,1697.0,1417.0,1331.0,11664.0,31449.0,18.285714285714285,33.93539423410907,40.34904013961606,43.24232081911263,47.436908517350155,45.972407654650645,45.550351288056206,40.836770771950505,40.08468595624559,33.13298271975958,25.90877914951989,35.51782250628001
2024,comuna,13,Servicio de Salud Metropolitano Sur,13105,El Bosque,Sobrepeso,47,904,990,1061,882,863,673,685,572,582,3774,11033,175.0,2879.0,2865.0,2930.0,2536.0,2247.0,1708.0,1697.0,1417.0,1331.0,11664.0,31449.0,26.857142857142858,31.39979159430358,34.55497382198953,36.21160409556314,34.77917981072555,38.40676457498887,39.402810304449645,40.36535061873895,40.36697247706422,43.726521412471826,32.3559670781893,35.08219657222805
2024,comuna,13,Servicio de Salud Metropolitano Sur,13109,La Cisterna,Bajo peso,0,34,23,12,7,7,2,2,5,5,709,806,0.0,958.0,1184.0,1285.0,1220.0,1018.0,757.0,739.0,616.0,557.0,6079.0,14413.0,,3.549060542797495,1.9425675675675675,0.933852140077821,0.5737704918032787,0.68762278978389,0.26420079260237783,0.2706359945872801,0.8116883116883116,0.8976660682226212,11.663102483961179,5.592173732047457
2024,comuna,13,Servicio de Salud Metropolitano Sur,13109,La Cisterna,Normal,0,395,397,329,281,218,165,154,154,136,2472,4701,0.0,958.0,1184.0,1285.0,1220.0,1018.0,757.0,739.0,616.0,557.0,6079.0,14413.0,,41.23173277661795,33.5304054054054,25.603112840466924,23.0327868852459,21.414538310412574,21.79656538969617,20.83897158322057,25.0,24.416517055655294,40.66458299062346,32.61638798307084
2024,comuna,13,Servicio de Salud Metropolitano Sur,13109,La Cisterna,Obesidad,0,270,376,495,464,410,288,296,213,179,1206,4197,0.0,958.0,1184.0,1285.0,1220.0,1018.0,757.0,739.0,616.0,557.0,6079.0,14413.0,,28.18371607515658,31.756756756756754,38.52140077821012,38.0327868852459,40.27504911591356,38.0449141347424,40.054127198917456,34.57792207792208,32.13644524236984,19.838789274551736,29.11954485533893
2024,comuna,13,Servicio de Salud Metropolitano Sur,13109,La Cisterna,Sobrepeso,0,259,388,449,468,383,302,287,244,237,1692,4709,0.0,958.0,1184.0,1285.0,1220.0,1018.0,757.0,739.0,616.0,557.0,6079.0,14413.0,,27.035490605427974,32.77027027027027,34.94163424124513,38.36065573770492,37.622789783889985,39.89431968295905,38.836265223274694,39.61038961038961,42.549371633752244,27.833525250863627,32.67189342954278
2024,comuna,13,Servicio de Salud Metropolitano Sur,13116,Lo Espejo,Bajo peso,0,33,16,10,9,8,1,6,5,7,442,537,0.0,1011.0,1098.0,1295.0,922.0,821.0,586.0,604.0,560.0,567.0,4590.0,12054.0,,3.2640949554896146,1.4571948998178506,0.7722007722007722,0.9761388286334056,0.9744214372716199,0.17064846416382254,0.9933774834437087,0.8928571428571428,1.2345679012345678,9.62962962962963,4.454952712792434
2024,comuna,13,Servicio de Salud Metropolitano Sur,13116,Lo Espejo,Normal,0,333,277,275,167,149,100,121,130,144,1721,3417,0.0,1011.0,1098.0,1295.0,922.0,821.0,586.0,604.0,560.0,567.0,4590.0,12054.0,,32.93768545994065,25.22768670309654,21.235521235521233,18.112798264642084,18.148599269183922,17.064846416382252,20.033112582781456,23.214285714285715,25.396825396825395,37.49455337690632,28.34743653558985
2024,comuna,13,Servicio de Salud Metropolitano Sur,13116,Lo Espejo,Obesidad,0,349,456,583,443,390,265,248,197,163,1204,4298,0.0,1011.0,1098.0,1295.0,922.0,821.0,586.0,604.0,560.0,567.0,4590.0,12054.0,,34.52027695351138,41.53005464480874,45.019305019305015,48.04772234273319,47.503045066991476,45.22184300341297,41.05960264900662,35.17857142857143,28.74779541446208,26.23093681917211,35.656213704994194
2024,comuna,13,Servicio de Salud Metropolitano Sur,13116,Lo Espejo,Sobrepeso,0,296,349,427,303,274,220,229,228,253,1223,3802,0.0,1011.0,1098.0,1295.0,922.0,821.0,586.0,604.0,560.0,567.0,4590.0,12054.0,,29.277942631058355,31.785063752276866,32.972972972972975,32.86334056399132,33.37393422655298,37.54266211604095,37.913907284768214,40.714285714285715,44.62081128747795,26.64488017429194,31.541397046623526
2024,comuna,13,Servicio de Salud Metropolitano Sur,13121,Pedro Aguirre Cerda,Bajo peso,45,39,21,13,13,4,4,12,13,16,747,927,980.0,1563.0,1698.0,1889.0,1558.0,1377.0,1063.0,1069.0,984.0,1259.0,8594.0,22034.0,4.591836734693878,2.495201535508637,1.2367491166077738,0.6881948120698782,0.8344030808729139,0.29048656499636893,0.37629350893697083,1.1225444340505144,1.321138211382114,1.2708498808578237,8.692110774959273,4.207134428610329
2024,comuna,13,Servicio de Salud Metropolitano Sur,13121,Pedro Aguirre Cerda,Normal,500,605,454,415,323,246,198,210,165,318,3511,6945,980.0,1563.0,1698.0,1889.0,1558.0,1377.0,1063.0,1069.0,984.0,1259.0,8594.0,22034.0,51.02040816326531,38.70761356365963,26.73733804475854,21.969295923769188,20.73170731707317,17.86492374727669,18.626528692380056,19.644527595884004,16.76829268292683,25.258141382049242,40.85408424482197,31.519469910138874
2024,comuna,13,Servicio de Salud Metropolitano Sur,13121,Pedro Aguirre Cerda,Obesidad,222,470,628,724,606,577,451,413,390,432,1972,6885,980.0,1563.0,1698.0,1889.0,1558.0,1377.0,1063.0,1069.0,984.0,1259.0,8594.0,22034.0,22.653061224489797,30.070377479206655,36.984687868080094,38.32715722604553,38.89602053915276,41.90268700072622,42.42709313264346,38.63423760523854,39.63414634146341,34.312946783161244,22.946241563881777,31.247163474630117
2024,comuna,13,Servicio de Salud Metropolitano Sur,13121,Pedro Aguirre Cerda,Sobrepeso,213,449,595,737,616,550,410,434,416,493,2364,7277,980.0,1563.0,1698.0,1889.0,1558.0,1377.0,1063.0,1069.0,984.0,1259.0,8594.0,22034.0,21.73469387755102,28.72680742162508,35.04122497055359,39.0153520381154,39.53786906290115,39.94190268700073,38.57008466603951,40.598690364826936,42.27642276422765,39.15806195393169,27.50756341633698,33.02623218662068
2024,comuna,13,Servicio de Salud Metropolitano Sur,13129,San Joaquín,Bajo peso,10,44,32,18,24,15,11,7,7,22,942,1132,130.0,1174.0,1333.0,1378.0,1263.0,1045.0,803.0,725.0,696.0,627.0,7318.0,16492.0,7.6923076923076925,3.747870528109029,2.4006001500375094,1.3062409288824384,1.9002375296912115,1.4354066985645932,1.36986301369863,0.9655172413793104,1.0057471264367817,3.508771929824561,12.872369499863352,6.863934028619936
2024,comuna,13,Servicio de Salud Metropolitano Sur,13129,San Joaquín,Normal,69,408,371,348,272,207,162,156,147,157,2757,5054,130.0,1174.0,1333.0,1378.0,1263.0,1045.0,803.0,725.0,696.0,627.0,7318.0,16492.0,53.07692307692308,34.75298126064736,27.831957989497376,25.25399129172714,21.536025336500394,19.808612440191386,20.17434620174346,21.517241379310345,21.120689655172413,25.039872408293462,37.674227931128726,30.64516129032258
2024,comuna,13,Servicio de Salud Metropolitano Sur,13129,San Joaquín,Obesidad,20,340,492,535,490,409,299,284,232,176,1584,4861,130.0,1174.0,1333.0,1378.0,1263.0,1045.0,803.0,725.0,696.0,627.0,7318.0,16492.0,15.384615384615385,28.960817717206133,36.90922730682671,38.8243831640058,38.79651623119557,39.13875598086125,37.23536737235367,39.17241379310345,33.33333333333333,28.07017543859649,21.645258267286145,29.474896919718653
2024,comuna,13,Servicio de Salud Metropolitano Sur,13129,San Joaquín,Sobrepeso,31,382,438,477,477,414,331,278,310,272,2035,5445,130.0,1174.0,1333.0,1378.0,1263.0,1045.0,803.0,725.0,696.0,627.0,7318.0,16492.0,23.846153846153847,32.538330494037474,32.85821455363841,34.61538461538461,37.76722090261283,39.61722488038277,41.220423412204234,38.3448275862069,44.54022988505747,43.38118022328549,27.808144301721782,33.016007761338834
2024,comuna,13,Servicio de Salud Metropolitano Sur,13130,San Miguel,Bajo peso,0,34,16,18,6,6,3,4,6,5,1019,1117,0.0,1099.0,1307.0,1573.0,1389.0,1194.0,944.0,860.0,902.0,1048.0,7663.0,17979.0,,3.0937215650591448,1.224177505738332,1.1443102352193262,0.4319654427645789,0.5025125628140703,0.31779661016949157,0.46511627906976744,0.6651884700665188,0.4770992366412214,13.297664100221846,6.21280382668669
2024,comuna,13,Servicio de Salud Metropolitano Sur,13130,San Miguel,Normal,0,430,486,438,315,277,190,177,189,274,3241,6017,0.0,1099.0,1307.0,1573.0,1389.0,1194.0,944.0,860.0,902.0,1048.0,7663.0,17979.0,,39.12647861692447,37.184391736801835,27.844882390336934,22.67818574514039,23.19932998324958,20.127118644067796,20.58139534883721,20.953436807095343,26.14503816793893,42.29414067597547,33.46682240391568
2024,comuna,13,Servicio de Salud Metropolitano Sur,13130,San Miguel,Obesidad,0,288,393,550,486,443,378,289,341,306,1380,4854,0.0,1099.0,1307.0,1573.0,1389.0,1194.0,944.0,860.0,902.0,1048.0,7663.0,17979.0,,26.2056414922657,30.06885998469778,34.96503496503497,34.98920086393088,37.10217755443886,40.04237288135593,33.6046511627907,37.80487804878049,29.198473282442748,18.00861281482448,26.998164525279496
2024,comuna,13,Servicio de Salud Metropolitano Sur,13130,San Miguel,Sobrepeso,0,347,412,567,582,468,373,390,366,463,2023,5991,0.0,1099.0,1307.0,1573.0,1389.0,1194.0,944.0,860.0,902.0,1048.0,7663.0,17979.0,,31.574158325750684,31.522570772762048,36.04577240940877,41.90064794816415,39.19597989949749,39.51271186440678,45.348837209302324,40.57649667405765,44.179389312977094,26.399582408978205,33.32220924411814
2024,comuna,13,Servicio de Salud Metropolitano Sur,13401,San Bernardo,Bajo peso,0,72,52,26,35,26,14,10,14,20,915,1184,84.0,3386.0,3742.0,3692.0,3067.0,2712.0,2125.0,1912.0,1507.0,1302.0,11930.0,35459.0,0.0,2.12640283520378,1.389631213254944,0.7042253521126761,1.1411803064884252,0.9587020648967551,0.6588235294117647,0.5230125523012552,0.92899800928998,1.5360983102918586,7.669740150880135,3.339067655602245
2024,comuna,13,Servicio de Salud Metropolitano Sur,13401,San Bernardo,Normal,26,1143,903,729,562,442,348,345,291,265,3833,8887,84.0,3386.0,3742.0,3692.0,3067.0,2712.0,2125.0,1912.0,1507.0,1302.0,11930.0,35459.0,30.952380952380953,33.75664500886001,24.13148049171566,19.7453954496208,18.324095207042713,16.297935103244836,16.376470588235296,18.043933054393303,19.30988719309887,20.353302611367127,32.129086336965635,25.06274852646719
2024,comuna,13,Servicio de Salud Metropolitano Sur,13401,San Bernardo,Obesidad,30,1148,1471,1610,1356,1177,934,745,571,448,3545,13035,84.0,3386.0,3742.0,3692.0,3067.0,2712.0,2125.0,1912.0,1507.0,1302.0,11930.0,35459.0,35.714285714285715,33.90431187241583,39.31052912880813,43.60780065005417,44.212585588522984,43.399705014749266,43.95294117647059,38.96443514644351,37.88984737889847,34.40860215053764,29.715004191114836,36.76076595504668
2024,comuna,13,Servicio de Salud Metropolitano Sur,13401,San Bernardo,Sobrepeso,28,1023,1316,1327,1114,1067,829,812,631,569,3637,12353,84.0,3386.0,3742.0,3692.0,3067.0,2712.0,2125.0,1912.0,1507.0,1302.0,11930.0,35459.0,33.33333333333333,30.212640283520376,35.16835916622127,35.94257854821235,36.32213889794588,39.34365781710915,39.01176470588235,42.46861924686193,41.87126741871268,43.70199692780338,30.486169321039398,34.837417862883896
2024,comuna,13,Servicio de Salud Metropolitano Sur,13402,Buin,Bajo peso,1,17,9,12,6,7,5,5,5,9,609,685,15.0,1092.0,1302.0,1534.0,1499.0,1216.0,951.0,862.0,724.0,506.0,5811.0,15512.0,6.666666666666667,1.5567765567765568,0.6912442396313364,0.7822685788787485,0.40026684456304207,0.575657894736842,0.5257623554153523,0.580046403712297,0.6906077348066298,1.7786561264822136,10.480123902942696,4.415936049510057
2024,comuna,13,Servicio de Salud Metropolitano Sur,13402,Buin,Normal,9,382,336,287,269,207,173,164,136,118,2035,4116,15.0,1092.0,1302.0,1534.0,1499.0,1216.0,951.0,862.0,724.0,506.0,5811.0,15512.0,60.0,34.98168498168498,25.806451612903224,18.709256844850064,17.945296864576385,17.023026315789476,18.19137749737119,19.02552204176334,18.784530386740332,23.3201581027668,35.0197900533471,26.534296028880867
2024,comuna,13,Servicio de Salud Metropolitano Sur,13402,Buin,Obesidad,3,350,475,617,664,527,394,331,271,147,1453,5232,15.0,1092.0,1302.0,1534.0,1499.0,1216.0,951.0,862.0,724.0,506.0,5811.0,15512.0,20.0,32.05128205128205,36.48233486943164,40.22164276401565,44.29619746497665,43.338815789473685,41.430073606729756,38.39907192575406,37.430939226519335,29.051383399209485,25.00430218551024,33.72872614749871
2024,comuna,13,Servicio de Salud Metropolitano Sur,13402,Buin,Sobrepeso,2,343,482,618,560,475,379,362,312,232,1714,5479,15.0,1092.0,1302.0,1534.0,1499.0,1216.0,951.0,862.0,724.0,506.0,5811.0,15512.0,13.333333333333334,31.41025641025641,37.01996927803379,40.28683181225554,37.35823882588392,39.0625,39.852786540483706,41.9953596287703,43.0939226519337,45.8498023715415,29.495783858199964,35.32104177411037
2024,comuna,13,Servicio de Salud Metropolitano Sur,13403,Calera de Tango,Bajo peso,0,3,1,0,1,1,2,0,0,1,105,114,4.0,235.0,281.0,303.0,258.0,306.0,255.0,282.0,239.0,266.0,1039.0,3468.0,0.0,1.276595744680851,0.3558718861209964,0.0,0.3875968992248062,0.32679738562091504,0.7843137254901961,0.0,0.0,0.37593984962406013,10.105871029836381,3.2871972318339098
2024,comuna,13,Servicio de Salud Metropolitano Sur,13403,Calera de Tango,Normal,2,73,66,63,41,48,44,39,33,56,368,833,4.0,235.0,281.0,303.0,258.0,306.0,255.0,282.0,239.0,266.0,1039.0,3468.0,50.0,31.06382978723404,23.487544483985765,20.792079207920793,15.891472868217054,15.686274509803921,17.254901960784313,13.829787234042554,13.807531380753138,21.052631578947366,35.418671799807505,24.019607843137255
2024,comuna,13,Servicio de Salud Metropolitano Sur,13403,Calera de Tango,Obesidad,1,87,127,147,124,144,109,140,121,91,256,1347,4.0,235.0,281.0,303.0,258.0,306.0,255.0,282.0,239.0,266.0,1039.0,3468.0,25.0,37.02127659574468,45.195729537366546,48.51485148514851,48.06201550387597,47.05882352941176,42.745098039215684,49.645390070921984,50.627615062761514,34.21052631578947,24.639076034648703,38.84083044982699
2024,comuna,13,Servicio de Salud Metropolitano Sur,13403,Calera de Tango,Sobrepeso,1,72,87,93,92,113,100,103,85,118,310,1174,4.0,235.0,281.0,303.0,258.0,306.0,255.0,282.0,239.0,266.0,1039.0,3468.0,25.0,30.638297872340424,30.96085409252669,30.693069306930692,35.65891472868217,36.9281045751634,39.21568627450981,36.52482269503546,35.56485355648535,44.3609022556391,29.836381135707413,33.852364475201846
2024,comuna,13,Servicio de Salud Metropolitano Sur,13404,Paine,Bajo peso,0,23,12,11,6,6,1,3,4,6,333,405,2.0,1247.0,1286.0,1357.0,1246.0,1184.0,912.0,835.0,719.0,615.0,3894.0,13297.0,0.0,1.8444266238973537,0.9331259720062209,0.8106116433308769,0.4815409309791332,0.5067567567567568,0.10964912280701754,0.3592814371257485,0.5563282336578581,0.975609756097561,8.551617873651772,3.045799804467173
2024,comuna,13,Servicio de Salud Metropolitano Sur,13404,Paine,Normal,2,413,328,260,197,195,176,150,141,141,1383,3386,2.0,1247.0,1286.0,1357.0,1246.0,1184.0,912.0,835.0,719.0,615.0,3894.0,13297.0,100.0,33.11948676824378,25.505443234836704,19.15991156963891,15.810593900481539,16.469594594594593,19.298245614035086,17.964071856287426,19.610570236439496,22.926829268292686,35.516178736517716,25.464390464014443
2024,comuna,13,Servicio de Salud Metropolitano Sur,13404,Paine,Obesidad,0,423,519,597,593,535,376,351,261,192,977,4824,2.0,1247.0,1286.0,1357.0,1246.0,1184.0,912.0,835.0,719.0,615.0,3894.0,13297.0,0.0,33.92141138732959,40.35769828926905,43.99410464259395,47.59229534510433,45.185810810810814,41.228070175438596,42.035928143712574,36.30041724617524,31.21951219512195,25.089881869542886,36.278859893208995
2024,comuna,13,Servicio de Salud Metropolitano Sur,13404,Paine,Sobrepeso,0,388,427,489,450,448,359,331,313,276,1201,4682,2.0,1247.0,1286.0,1357.0,1246.0,1184.0,912.0,835.0,719.0,615.0,3894.0,13297.0,0.0,31.11467522052927,33.20373250388802,36.03537214443626,36.11556982343499,37.83783783783784,39.364035087719294,39.64071856287425,43.5326842837274,44.87804878048781,30.842321520287623,35.21094983830939
2024,comuna,14,Servicio de Salud Metropolitano Sur Oriente,13110,La Florida,Bajo peso,12,90,40,29,27,14,5,10,11,22,2261,2521,253.0,3389.0,3659.0,3827.0,3144.0,2593.0,1971.0,1720.0,1513.0,1541.0,21678.0,45288.0,4.743083003952568,2.655650634405429,1.0931948619841487,0.7577737130911941,0.8587786259541985,0.5399151561897416,0.2536783358701167,0.5813953488372093,0.7270323859881032,1.427644386761843,10.429928960236184,5.566596007772478
2024,comuna,14,Servicio de Salud Metropolitano Sur Oriente,13110,La Florida,Normal,116,1276,1006,917,635,486,364,376,315,403,8380,14274,253.0,3389.0,3659.0,3827.0,3144.0,2593.0,1971.0,1720.0,1513.0,1541.0,21678.0,45288.0,45.8498023715415,37.65122455001475,27.49385077890134,23.961327410504314,20.197201017811707,18.742768993443885,18.467782851344495,21.86046511627907,20.819563780568405,26.151849448410125,38.65670264784574,31.518282988871228
2024,comuna,14,Servicio de Salud Metropolitano Sur Oriente,13110,La Florida,Obesidad,69,997,1361,1548,1325,1092,875,640,526,472,4918,13823,253.0,3389.0,3659.0,3827.0,3144.0,2593.0,1971.0,1720.0,1513.0,1541.0,21678.0,45288.0,27.27272727272727,29.41870758335792,37.19595517901066,40.44943820224719,42.14376590330789,42.113382182799846,44.39370877727042,37.2093023255814,34.76536682088566,30.629461388708627,22.686594704308515,30.522434198904786
2024,comuna,14,Servicio de Salud Metropolitano Sur Oriente,13110,La Florida,Sobrepeso,56,1026,1252,1333,1157,1001,727,694,661,644,6119,14670,253.0,3389.0,3659.0,3827.0,3144.0,2593.0,1971.0,1720.0,1513.0,1541.0,21678.0,45288.0,22.134387351778656,30.274417232221897,34.216999180103855,34.831460674157306,36.800254452926204,38.60393366756652,36.884830035514966,40.348837209302324,43.688037012557835,41.7910447761194,28.22677368760956,32.39268680445151
2024,comuna,14,Servicio de Salud Metropolitano Sur Oriente,13111,La Granja,Bajo peso,4,31,19,5,6,1,3,6,2,8,618,703,91.0,1381.0,1345.0,1395.0,1196.0,984.0,729.0,695.0,590.0,614.0,7108.0,16128.0,4.395604395604396,2.2447501810282406,1.412639405204461,0.35842293906810035,0.5016722408026756,0.10162601626016261,0.411522633744856,0.8633093525179856,0.3389830508474576,1.3029315960912053,8.694428812605516,4.358878968253968
2024,comuna,14,Servicio de Salud Metropolitano Sur Oriente,13111,La Granja,Normal,32,466,316,290,223,154,118,150,136,146,2543,4574,91.0,1381.0,1345.0,1395.0,1196.0,984.0,729.0,695.0,590.0,614.0,7108.0,16128.0,35.16483516483517,33.74366401158581,23.49442379182156,20.78853046594982,18.645484949832774,15.650406504065039,16.18655692729767,21.58273381294964,23.050847457627118,23.778501628664493,35.776589758019135,28.360615079365083
2024,comuna,14,Servicio de Salud Metropolitano Sur Oriente,13111,La Granja,Obesidad,26,471,553,644,550,449,318,268,220,213,1876,5588,91.0,1381.0,1345.0,1395.0,1196.0,984.0,729.0,695.0,590.0,614.0,7108.0,16128.0,28.57142857142857,34.10572049239681,41.11524163568773,46.16487455197132,45.9866220735786,45.63008130081301,43.62139917695473,38.56115107913669,37.28813559322034,34.69055374592834,26.39279684862127,34.64781746031746
2024,comuna,14,Servicio de Salud Metropolitano Sur Oriente,13111,La Granja,Sobrepeso,29,413,457,456,417,380,290,271,232,247,2071,5263,91.0,1381.0,1345.0,1395.0,1196.0,984.0,729.0,695.0,590.0,614.0,7108.0,16128.0,31.868131868131865,29.90586531498914,33.97769516728624,32.68817204301075,34.86622073578595,38.61788617886179,39.78052126200274,38.99280575539568,39.32203389830509,40.22801302931596,29.136184580754083,32.632688492063494
2024,comuna,14,Servicio de Salud Metropolitano Sur Oriente,13112,La Pintana,Bajo peso,31,54,23,18,14,8,9,5,18,18,660,858,749.0,1673.0,1630.0,1609.0,1265.0,1180.0,911.0,878.0,706.0,609.0,8606.0,19816.0,4.138851802403204,3.2277346084877463,1.4110429447852761,1.1187072715972655,1.1067193675889329,0.6779661016949152,0.9879253567508233,0.5694760820045558,2.5495750708215295,2.955665024630542,7.669068092028818,4.32983447719015
2024,comuna,14,Servicio de Salud Metropolitano Sur Oriente,13112,La Pintana,Normal,288,538,372,274,200,193,145,167,122,148,2805,5252,749.0,1673.0,1630.0,1609.0,1265.0,1180.0,911.0,878.0,706.0,609.0,8606.0,19816.0,38.45126835781041,32.157800358637175,22.822085889570552,17.029210689869483,15.810276679841898,16.35593220338983,15.916575192096596,19.020501138952163,17.280453257790366,24.302134646962234,32.59353939112247,26.50383528461849
2024,comuna,14,Servicio de Salud Metropolitano Sur Oriente,13112,La Pintana,Obesidad,240,625,734,767,624,543,425,386,277,222,2535,7378,749.0,1673.0,1630.0,1609.0,1265.0,1180.0,911.0,878.0,706.0,609.0,8606.0,19816.0,32.04272363150868,37.358039450089656,45.030674846625764,47.66935985083903,49.32806324110672,46.016949152542374,46.65203073545554,43.96355353075171,39.23512747875354,36.45320197044335,29.45619335347432,37.23253936213161
2024,comuna,14,Servicio de Salud Metropolitano Sur Oriente,13112,La Pintana,Sobrepeso,190,456,501,550,427,436,332,320,289,221,2606,6328,749.0,1673.0,1630.0,1609.0,1265.0,1180.0,911.0,878.0,706.0,609.0,8606.0,19816.0,25.367156208277702,27.256425582785415,30.736196319018404,34.18272218769422,33.75494071146245,36.94915254237288,36.44346871569704,36.44646924829157,40.934844192634564,36.28899835796388,30.28119916337439,31.93379087605975
2024,comuna,14,Servicio de Salud Metropolitano Sur Oriente,13131,San Ramón,Bajo peso,5,25,12,7,10,16,5,6,5,9,446,546,156.0,1166.0,1153.0,1187.0,966.0,864.0,863.0,905.0,722.0,564.0,5212.0,13758.0,3.205128205128205,2.144082332761578,1.0407632263660018,0.5897219882055602,1.0351966873706004,1.8518518518518516,0.5793742757821553,0.6629834254143646,0.6925207756232686,1.5957446808510638,8.557175748273217,3.96860008722198
2024,comuna,14,Servicio de Salud Metropolitano Sur Oriente,13131,San Ramón,Normal,54,454,280,271,192,168,151,166,149,121,2052,4058,156.0,1166.0,1153.0,1187.0,966.0,864.0,863.0,905.0,722.0,564.0,5212.0,13758.0,34.61538461538461,38.93653516295026,24.284475281873373,22.83066554338669,19.875776397515526,19.444444444444446,17.497103128621088,18.34254143646409,20.63711911357341,21.45390070921986,39.370683039140445,29.49556621601977
2024,comuna,14,Servicio de Salud Metropolitano Sur Oriente,13131,San Ramón,Obesidad,45,348,472,496,405,350,362,355,257,188,1251,4529,156.0,1166.0,1153.0,1187.0,966.0,864.0,863.0,905.0,722.0,564.0,5212.0,13758.0,28.846153846153843,29.845626072041163,40.9366869037294,41.786015164279696,41.92546583850932,40.50925925925926,41.946697566628046,39.226519337016576,35.59556786703601,33.33333333333333,24.002302379125094,32.91902892862335
2024,comuna,14,Servicio de Salud Metropolitano Sur Oriente,13131,San Ramón,Sobrepeso,52,339,389,413,359,330,345,378,311,246,1463,4625,156.0,1166.0,1153.0,1187.0,966.0,864.0,863.0,905.0,722.0,564.0,5212.0,13758.0,33.33333333333333,29.073756432247,33.738074588031225,34.793597304128056,37.16356107660456,38.19444444444444,39.97682502896872,41.767955801104975,43.07479224376731,43.61702127659575,28.06983883346124,33.616804768134905
2024,comuna,14,Servicio de Salud Metropolitano Sur Oriente,13201,Puente Alto,Bajo peso,23,76,30,26,10,7,7,5,5,11,1873,2073,414.0,2738.0,2730.0,2717.0,2518.0,2148.0,1810.0,1773.0,1700.0,1496.0,16368.0,36412.0,5.555555555555555,2.7757487216946677,1.098901098901099,0.9569377990430622,0.3971405877680699,0.3258845437616387,0.3867403314917127,0.2820078962210942,0.29411764705882354,0.7352941176470588,11.4430596285435,5.693178073162693
2024,comuna,14,Servicio de Salud Metropolitano Sur Oriente,13201,Puente Alto,Normal,197,834,657,478,356,306,268,284,308,348,5999,10035,414.0,2738.0,2730.0,2717.0,2518.0,2148.0,1810.0,1773.0,1700.0,1496.0,16368.0,36412.0,47.58454106280193,30.460189919649377,24.065934065934066,17.592933382407068,14.138204924543288,14.24581005586592,14.806629834254142,16.018048505358152,18.11764705882353,23.262032085561497,36.65078201368524,27.5595957376689
2024,comuna,14,Servicio de Salud Metropolitano Sur Oriente,13201,Puente Alto,Obesidad,91,996,1171,1359,1201,1019,861,775,676,505,3923,12577,414.0,2738.0,2730.0,2717.0,2518.0,2148.0,1810.0,1773.0,1700.0,1496.0,16368.0,36412.0,21.980676328502415,36.37691745799854,42.89377289377289,50.018402649981596,47.69658459094519,47.43947858472998,47.569060773480665,43.711223914269596,39.76470588235294,33.75668449197861,23.967497556207235,34.54081072174009
2024,comuna,14,Servicio de Salud Metropolitano Sur Oriente,13201,Puente Alto,Sobrepeso,103,832,872,854,951,816,674,709,711,632,4573,11727,414.0,2738.0,2730.0,2717.0,2518.0,2148.0,1810.0,1773.0,1700.0,1496.0,16368.0,36412.0,24.879227053140095,30.387143900657414,31.941391941391938,31.431726168568275,37.76806989674345,37.988826815642454,37.23756906077348,39.98871968415116,41.8235294117647,42.24598930481284,27.938660801564026,32.206415467428315
2024,comuna,14,Servicio de Salud Metropolitano Sur Oriente,13202,Pirque,Bajo peso,0,6,5,6,0,2,1,0,1,1,162,184,8.0,245.0,267.0,263.0,238.0,210.0,169.0,156.0,115.0,84.0,1599.0,3354.0,0.0,2.4489795918367347,1.8726591760299627,2.2813688212927756,0.0,0.9523809523809524,0.591715976331361,0.0,0.8695652173913043,1.1904761904761905,10.131332082551594,5.485986881335719
2024,comuna,14,Servicio de Salud Metropolitano Sur Oriente,13202,Pirque,Normal,4,95,74,54,59,38,30,23,26,26,621,1050,8.0,245.0,267.0,263.0,238.0,210.0,169.0,156.0,115.0,84.0,1599.0,3354.0,50.0,38.775510204081634,27.715355805243448,20.53231939163498,24.789915966386555,18.095238095238095,17.75147928994083,14.743589743589745,22.608695652173914,30.952380952380953,38.83677298311445,31.305903398926656
2024,comuna,14,Servicio de Salud Metropolitano Sur Oriente,13202,Pirque,Obesidad,3,72,89,114,96,95,69,58,28,18,332,974,8.0,245.0,267.0,263.0,238.0,210.0,169.0,156.0,115.0,84.0,1599.0,3354.0,37.5,29.38775510204082,33.33333333333333,43.346007604562736,40.33613445378151,45.23809523809524,40.828402366863905,37.17948717948718,24.347826086956523,21.428571428571427,20.762976860537837,29.03995229576625
2024,comuna,14,Servicio de Salud Metropolitano Sur Oriente,13202,Pirque,Sobrepeso,1,72,99,89,83,75,69,75,60,39,484,1146,8.0,245.0,267.0,263.0,238.0,210.0,169.0,156.0,115.0,84.0,1599.0,3354.0,12.5,29.38775510204082,37.07865168539326,33.840304182509506,34.87394957983193,35.714285714285715,40.828402366863905,48.07692307692308,52.17391304347826,46.42857142857143,30.268918073796126,34.16815742397138
2024,comuna,14,Servicio de Salud Metropolitano Sur Oriente,13203,San José de Maipo,Bajo peso,0,0,0,0,0,1,1,0,0,0,20,22,6.0,16.0,19.0,32.0,21.0,20.0,18.0,11.0,14.0,6.0,125.0,288.0,0.0,0.0,0.0,0.0,0.0,5.0,5.555555555555555,0.0,0.0,0.0,16.0,7.638888888888889
2024,comuna,14,Servicio de Salud Metropolitano Sur Oriente,13203,San José de Maipo,Normal,2,5,4,9,6,2,4,4,7,1,46,90,6.0,16.0,19.0,32.0,21.0,20.0,18.0,11.0,14.0,6.0,125.0,288.0,33.33333333333333,31.25,21.052631578947366,28.125,28.57142857142857,10.0,22.22222222222222,36.36363636363637,50.0,16.666666666666664,36.8,31.25
2024,comuna,14,Servicio de Salud Metropolitano Sur Oriente,13203,San José de Maipo,Obesidad,2,4,5,14,6,11,9,3,2,1,19,76,6.0,16.0,19.0,32.0,21.0,20.0,18.0,11.0,14.0,6.0,125.0,288.0,33.33333333333333,25.0,26.31578947368421,43.75,28.57142857142857,55.00000000000001,50.0,27.27272727272727,14.285714285714285,16.666666666666664,15.2,26.38888888888889
2024,comuna,14,Servicio de Salud Metropolitano Sur Oriente,13203,San José de Maipo,Sobrepeso,2,7,10,9,9,6,4,4,5,4,40,100,6.0,16.0,19.0,32.0,21.0,20.0,18.0,11.0,14.0,6.0,125.0,288.0,33.33333333333333,43.75,52.63157894736842,28.125,42.857142857142854,30.0,22.22222222222222,36.36363636363637,35.714285714285715,66.66666666666666,32.0,34.72222222222222
2025,comuna,9,Servicio de Salud Metropolitano Norte,13104,Conchalí,Bajo peso,1,51,23,19,13,10,11,17,24,38,1307,1514,18.0,1442.0,1533.0,1700.0,1585.0,1554.0,1588.0,1929.0,2286.0,2802.0,11224.0,27661.0,5.555555555555555,3.536754507628294,1.5003261578604044,1.1176470588235294,0.8201892744479496,0.6435006435006435,0.6926952141057935,0.8812856402280975,1.0498687664041995,1.3561741613133478,11.644689950106914,5.473410216550378
2025,comuna,9,Servicio de Salud Metropolitano Norte,13104,Conchalí,Normal,9,511,384,359,303,237,242,275,378,493,4079,7270,18.0,1442.0,1533.0,1700.0,1585.0,1554.0,1588.0,1929.0,2286.0,2802.0,11224.0,27661.0,50.0,35.43689320388349,25.048923679060664,21.11764705882353,19.116719242902207,15.250965250965251,15.239294710327457,14.25609123898393,16.535433070866144,17.594575303354745,36.34176764076978,26.282491594663966
2025,comuna,9,Servicio de Salud Metropolitano Norte,13104,Conchalí,Obesidad,6,447,598,771,717,740,782,917,1023,1202,2703,9906,18.0,1442.0,1533.0,1700.0,1585.0,1554.0,1588.0,1929.0,2286.0,2802.0,11224.0,27661.0,33.33333333333333,30.998613037447985,39.00848010437051,45.35294117647059,45.23659305993691,47.61904761904761,49.24433249370277,47.53758424053914,44.750656167979,42.89793004996431,24.08232359230221,35.812154296663174
2025,comuna,9,Servicio de Salud Metropolitano Norte,13104,Conchalí,Sobrepeso,2,433,528,551,552,567,553,720,861,1069,3135,8971,18.0,1442.0,1533.0,1700.0,1585.0,1554.0,1588.0,1929.0,2286.0,2802.0,11224.0,27661.0,11.11111111111111,30.02773925104022,34.44227005870842,32.41176470588235,34.82649842271293,36.486486486486484,34.82367758186398,37.32503888024883,37.664041994750654,38.1513204853676,27.931218816821097,32.43194389212248
2025,comuna,9,Servicio de Salud Metropolitano Norte,13107,Huechuraba,Bajo peso,22,21,12,11,9,7,4,6,4,3,607,706,397.0,1123.0,1146.0,1169.0,1139.0,991.0,959.0,1254.0,1271.0,1291.0,5683.0,16423.0,5.541561712846348,1.8699910952804988,1.0471204188481675,0.9409751924721984,0.7901668129938543,0.7063572149344097,0.4171011470281543,0.4784688995215311,0.3147128245476003,0.23237800154918667,10.680978356501848,4.298849174937588
2025,comuna,9,Servicio de Salud Metropolitano Norte,13107,Huechuraba,Normal,176,407,284,202,183,143,114,182,191,215,1973,4070,397.0,1123.0,1146.0,1169.0,1139.0,991.0,959.0,1254.0,1271.0,1291.0,5683.0,16423.0,44.33249370277078,36.24220837043633,24.781849912739965,17.27972626176219,16.066725197541704,14.42986881937437,11.887382690302397,14.513556618819775,15.027537372147915,16.65375677769171,34.717578743621324,24.78231748158071
2025,comuna,9,Servicio de Salud Metropolitano Norte,13107,Huechuraba,Obesidad,102,357,484,566,551,501,492,603,597,607,1482,6342,397.0,1123.0,1146.0,1169.0,1139.0,991.0,959.0,1254.0,1271.0,1291.0,5683.0,16423.0,25.692695214105793,31.789848619768478,42.23385689354276,48.4174508126604,48.37576821773485,50.55499495459132,51.30344108446299,48.08612440191388,46.970889063729345,47.01781564678544,26.077775822628897,38.61657431650733
2025,comuna,9,Servicio de Salud Metropolitano Norte,13107,Huechuraba,Sobrepeso,97,338,366,390,396,340,349,463,479,466,1621,5305,397.0,1123.0,1146.0,1169.0,1139.0,991.0,959.0,1254.0,1271.0,1291.0,5683.0,16423.0,24.43324937027708,30.09795191451469,31.93717277486911,33.361847733105215,34.76733977172959,34.3087790110999,36.39207507820647,36.921850079744814,37.68686073957514,36.096049573973666,28.523667077247932,32.30225902697437
2025,comuna,9,Servicio de Salud Metropolitano Norte,13108,Independencia,Bajo peso,3,29,26,7,12,7,7,8,10,14,803,926,41.0,659.0,844.0,985.0,1051.0,959.0,873.0,866.0,907.0,954.0,5018.0,13157.0,7.317073170731707,4.400606980273141,3.080568720379147,0.7106598984771574,1.141769743101808,0.7299270072992701,0.8018327605956471,0.9237875288683602,1.1025358324145533,1.4675052410901468,16.002391390992425,7.038078589344075
2025,comuna,9,Servicio de Salud Metropolitano Norte,13108,Independencia,Normal,16,226,256,250,219,161,143,145,150,197,1960,3723,41.0,659.0,844.0,985.0,1051.0,959.0,873.0,866.0,907.0,954.0,5018.0,13157.0,39.02439024390244,34.29438543247345,30.33175355450237,25.380710659898476,20.837297811607993,16.78832116788321,16.38029782359679,16.74364896073903,16.5380374862183,20.649895178197063,39.059386209645275,28.296724177244055
2025,comuna,9,Servicio de Salud Metropolitano Norte,13108,Independencia,Obesidad,9,189,271,389,440,438,396,387,406,381,994,4300,41.0,659.0,844.0,985.0,1051.0,959.0,873.0,866.0,907.0,954.0,5018.0,13157.0,21.951219512195124,28.67981790591806,32.10900473933649,39.49238578680203,41.864890580399624,45.6725755995829,45.36082474226804,44.68822170900693,44.76295479603087,39.937106918238996,19.80868872060582,32.68222239112259
2025,comuna,9,Servicio de Salud Metropolitano Norte,13108,Independencia,Sobrepeso,13,215,291,339,380,353,327,326,341,362,1261,4208,41.0,659.0,844.0,985.0,1051.0,959.0,873.0,866.0,907.0,954.0,5018.0,13157.0,31.70731707317073,32.62518968133536,34.47867298578199,34.41624365482234,36.15604186489058,36.809176225234616,37.45704467353952,37.644341801385686,37.59647188533627,37.9454926624738,25.129533678756477,31.982974842289273
2025,comuna,9,Servicio de Salud Metropolitano Norte,13125,Quilicura,Bajo peso,0,52,24,17,23,10,15,9,15,15,568,748,13.0,1678.0,1814.0,2024.0,2184.0,2103.0,2144.0,2687.0,2821.0,3236.0,7343.0,28047.0,0.0,3.098927294398093,1.3230429988974641,0.8399209486166008,1.0531135531135531,0.47551117451260105,0.6996268656716418,0.33494603647190174,0.5317263381779511,0.46353522867737945,7.735258068909165,2.6669519021642243
2025,comuna,9,Servicio de Salud Metropolitano Norte,13125,Quilicura,Normal,7,528,456,384,381,304,298,363,402,496,2475,6094,13.0,1678.0,1814.0,2024.0,2184.0,2103.0,2144.0,2687.0,2821.0,3236.0,7343.0,28047.0,53.84615384615385,31.46603098927294,25.13781697905182,18.972332015810274,17.445054945054945,14.455539705183071,13.899253731343283,13.509490137700036,14.25026586316909,15.327564894932014,33.7055699305461,21.72781402645559
2025,comuna,9,Servicio de Salud Metropolitano Norte,13125,Quilicura,Obesidad,2,581,750,932,1040,1034,1139,1318,1362,1441,2001,11600,13.0,1678.0,1814.0,2024.0,2184.0,2103.0,2144.0,2687.0,2821.0,3236.0,7343.0,28047.0,15.384615384615385,34.62455303933254,41.34509371554576,46.047430830039524,47.61904761904761,49.16785544460295,53.125,49.050986229996276,48.280751506557955,44.53028430160692,27.250442598393025,41.3591471458623
2025,comuna,9,Servicio de Salud Metropolitano Norte,13125,Quilicura,Sobrepeso,4,517,584,691,740,755,692,997,1042,1284,2299,9605,13.0,1678.0,1814.0,2024.0,2184.0,2103.0,2144.0,2687.0,2821.0,3236.0,7343.0,28047.0,30.76923076923077,30.81048867699642,32.19404630650496,34.1403162055336,33.88278388278388,35.901093675701375,32.276119402985074,37.104577595831785,36.937256292095,39.678615574783684,31.30872940215171,34.24608692551788
2025,comuna,9,Servicio de Salud Metropolitano Norte,13127,Recoleta,Bajo peso,7,29,14,9,11,16,6,11,11,34,1105,1253,247.0,1177.0,1366.0,1460.0,1581.0,1444.0,1752.0,1794.0,1923.0,2261.0,8784.0,23789.0,2.834008097165992,2.463891248937978,1.0248901903367496,0.6164383561643836,0.6957621758380772,1.10803324099723,0.3424657534246575,0.6131549609810479,0.5720228809152366,1.5037593984962405,12.579690346083789,5.2671402749169784
2025,comuna,9,Servicio de Salud Metropolitano Norte,13127,Recoleta,Normal,118,466,466,430,383,413,378,407,425,506,3320,7312,247.0,1177.0,1366.0,1460.0,1581.0,1444.0,1752.0,1794.0,1923.0,2261.0,8784.0,23789.0,47.77327935222672,39.59218351741716,34.11420204978038,29.45205479452055,24.22517394054396,28.601108033240997,21.575342465753426,22.686733556298773,22.100884035361414,22.379478107032284,37.7959927140255,30.73689520366556
2025,comuna,9,Servicio de Salud Metropolitano Norte,13127,Recoleta,Obesidad,57,380,495,576,707,606,812,773,825,925,2005,8161,247.0,1177.0,1366.0,1460.0,1581.0,1444.0,1752.0,1794.0,1923.0,2261.0,8784.0,23789.0,23.076923076923077,32.285471537807986,36.23718887262079,39.45205479452055,44.71853257432005,41.96675900277008,46.34703196347032,43.088071348940915,42.90171606864275,40.91110128261831,22.82559198542805,34.30577157509773
2025,comuna,9,Servicio de Salud Metropolitano Norte,13127,Recoleta,Sobrepeso,65,302,391,445,480,409,556,603,662,796,2354,7063,247.0,1177.0,1366.0,1460.0,1581.0,1444.0,1752.0,1794.0,1923.0,2261.0,8784.0,23789.0,26.31578947368421,25.658453695836876,28.62371888726208,30.47945205479452,30.36053130929791,28.32409972299169,31.7351598173516,33.61204013377927,34.425377015080606,35.20566121185316,26.79872495446266,29.690192946319726
2025,comuna,9,Servicio de Salud Metropolitano Norte,13301,Colina,Bajo peso,12,46,29,31,20,17,13,24,18,15,607,832,148.0,1451.0,1706.0,1917.0,1826.0,1696.0,1478.0,1541.0,1369.0,1274.0,5092.0,19498.0,8.108108108108109,3.1702274293590627,1.6998827667057446,1.6171100678142931,1.095290251916758,1.0023584905660377,0.8795669824086604,1.5574302401038287,1.3148283418553688,1.1773940345368918,11.920659858601729,4.26710431839163
2025,comuna,9,Servicio de Salud Metropolitano Norte,13301,Colina,Normal,68,469,424,416,317,259,205,232,231,212,1801,4634,148.0,1451.0,1706.0,1917.0,1826.0,1696.0,1478.0,1541.0,1369.0,1274.0,5092.0,19498.0,45.94594594594595,32.32253618194349,24.85345838218054,21.700573813249868,17.360350492880613,15.271226415094338,13.870094722598106,15.055158987670344,16.8736303871439,16.64050235478807,35.36920659858602,23.76654015796492
2025,comuna,9,Servicio de Salud Metropolitano Norte,13301,Colina,Obesidad,34,505,680,845,847,802,707,704,601,557,1202,7484,148.0,1451.0,1706.0,1917.0,1826.0,1696.0,1478.0,1541.0,1369.0,1274.0,5092.0,19498.0,22.972972972972975,34.80358373535493,39.859320046893316,44.0792905581638,46.3855421686747,47.2877358490566,47.834912043301756,45.68462037637897,43.90065741417093,43.720565149136576,23.605655930871954,38.38342394091702
2025,comuna,9,Servicio de Salud Metropolitano Norte,13301,Colina,Sobrepeso,34,431,573,625,642,618,553,581,519,490,1482,6548,148.0,1451.0,1706.0,1917.0,1826.0,1696.0,1478.0,1541.0,1369.0,1274.0,5092.0,19498.0,22.972972972972975,29.703652653342523,33.5873388042204,32.60302556077204,35.15881708652793,36.43867924528302,37.41542625169147,37.702790395846854,37.910883856829805,38.46153846153847,29.1044776119403,33.58293158272643
2025,comuna,9,Servicio de Salud Metropolitano Norte,13302,Lampa,Bajo peso,2,31,26,7,5,2,7,6,10,10,426,530,92.0,1286.0,1304.0,1531.0,1454.0,1280.0,1227.0,1226.0,1075.0,1083.0,4303.0,15859.0,2.1739130434782608,2.410575427682737,1.9938650306748467,0.45721750489875895,0.34387895460797796,0.15625,0.5704971475142625,0.48939641109298526,0.9302325581395349,0.9233610341643583,9.900069718800838,3.341950942682389
2025,comuna,9,Servicio de Salud Metropolitano Norte,13302,Lampa,Normal,36,448,322,293,226,184,151,170,162,204,1487,3683,92.0,1286.0,1304.0,1531.0,1454.0,1280.0,1227.0,1226.0,1075.0,1083.0,4303.0,15859.0,39.130434782608695,34.83670295489891,24.69325153374233,19.13781841933377,15.543328748280604,14.374999999999998,12.306438467807661,13.866231647634583,15.069767441860465,18.83656509695291,34.55728561468743,23.223406267734408
2025,comuna,9,Servicio de Salud Metropolitano Norte,13302,Lampa,Obesidad,32,461,564,746,728,664,639,664,526,456,1129,6609,92.0,1286.0,1304.0,1531.0,1454.0,1280.0,1227.0,1226.0,1075.0,1083.0,4303.0,15859.0,34.78260869565217,35.84758942457232,43.25153374233129,48.726322664924886,50.06877579092159,51.87500000000001,52.07823960880196,54.15986949429038,48.93023255813954,42.10526315789473,26.237508714850104,41.67349769846775
2025,comuna,9,Servicio de Salud Metropolitano Norte,13302,Lampa,Sobrepeso,22,346,392,485,495,430,430,386,377,413,1261,5037,92.0,1286.0,1304.0,1531.0,1454.0,1280.0,1227.0,1226.0,1075.0,1083.0,4303.0,15859.0,23.91304347826087,26.905132192846033,30.061349693251532,31.678641410842584,34.04401650618982,33.59375,35.04482477587612,31.484502446982056,35.06976744186046,38.134810710988,29.305135951661633,31.761145091115456
2025,comuna,9,Servicio de Salud Metropolitano Norte,13303,Tiltil,Bajo peso,0,1,1,0,0,0,2,0,0,1,76,81,15.0,57.0,71.0,102.0,116.0,83.0,75.0,86.0,79.0,111.0,629.0,1424.0,0.0,1.7543859649122806,1.4084507042253522,0.0,0.0,0.0,2.666666666666667,0.0,0.0,0.9009009009009009,12.082670906200319,5.688202247191011
2025,comuna,9,Servicio de Salud Metropolitano Norte,13303,Tiltil,Normal,8,16,16,21,27,10,6,14,14,20,186,338,15.0,57.0,71.0,102.0,116.0,83.0,75.0,86.0,79.0,111.0,629.0,1424.0,53.333333333333336,28.07017543859649,22.535211267605636,20.588235294117645,23.275862068965516,12.048192771084338,8.0,16.27906976744186,17.72151898734177,18.01801801801802,29.570747217806044,23.735955056179776
2025,comuna,9,Servicio de Salud Metropolitano Norte,13303,Tiltil,Obesidad,4,25,29,46,59,41,49,45,34,52,183,567,15.0,57.0,71.0,102.0,116.0,83.0,75.0,86.0,79.0,111.0,629.0,1424.0,26.666666666666668,43.859649122807014,40.845070422535215,45.09803921568628,50.86206896551724,49.39759036144578,65.33333333333333,52.32558139534884,43.037974683544306,46.846846846846844,29.093799682034977,39.81741573033708
2025,comuna,9,Servicio de Salud Metropolitano Norte,13303,Tiltil,Sobrepeso,3,15,25,35,30,32,18,27,31,38,184,438,15.0,57.0,71.0,102.0,116.0,83.0,75.0,86.0,79.0,111.0,629.0,1424.0,20.0,26.31578947368421,35.2112676056338,34.31372549019608,25.862068965517242,38.55421686746988,24.0,31.3953488372093,39.24050632911392,34.234234234234236,29.252782193958666,30.758426966292134
2025,comuna,10,Servicio de Salud Metropolitano Occidente,13103,Cerro Navia,Bajo peso,7,65,70,35,27,23,17,28,37,41,704,1054,218.0,1377.0,1517.0,1658.0,1480.0,1343.0,1359.0,1727.0,1747.0,2072.0,7488.0,21986.0,3.211009174311927,4.720406681190995,4.614370468029005,2.1109770808202653,1.8243243243243243,1.7125837676842888,1.2509197939661516,1.6213086276780544,2.117916428162564,1.9787644787644787,9.401709401709402,4.793959792595288
2025,comuna,10,Servicio de Salud Metropolitano Occidente,13103,Cerro Navia,Normal,81,447,370,357,273,202,212,247,274,372,2560,5395,218.0,1377.0,1517.0,1658.0,1480.0,1343.0,1359.0,1727.0,1747.0,2072.0,7488.0,21986.0,37.15596330275229,32.46187363834422,24.390243902439025,21.53196622436671,18.445945945945947,15.040953090096798,15.599705665930832,14.302258251302838,15.684029765311964,17.953667953667953,34.18803418803419,24.538342581642862
2025,comuna,10,Servicio de Salud Metropolitano Occidente,13103,Cerro Navia,Obesidad,61,491,603,737,682,660,699,895,831,930,2039,8628,218.0,1377.0,1517.0,1658.0,1480.0,1343.0,1359.0,1727.0,1747.0,2072.0,7488.0,21986.0,27.981651376146786,35.65722585330428,39.749505603164145,44.45114595898673,46.08108108108108,49.14370811615786,51.434878587196465,51.82397220613781,47.567258156840296,44.884169884169886,27.23023504273504,39.24315473483125
2025,comuna,10,Servicio de Salud Metropolitano Occidente,13103,Cerro Navia,Sobrepeso,69,374,474,529,498,458,431,557,605,729,2185,6909,218.0,1377.0,1517.0,1658.0,1480.0,1343.0,1359.0,1727.0,1747.0,2072.0,7488.0,21986.0,31.65137614678899,27.160493827160494,31.245880026367836,31.9059107358263,33.648648648648646,34.102755026061054,31.714495952906546,32.2524609148813,34.630795649685176,35.18339768339768,29.18002136752137,31.42454289093059
2025,comuna,10,Servicio de Salud Metropolitano Occidente,13117,Lo Prado,Bajo peso,2,18,12,11,8,4,5,3,10,21,835,929,88.0,1351.0,1602.0,1870.0,1719.0,1780.0,1859.0,2293.0,2345.0,2696.0,8763.0,26366.0,2.272727272727273,1.3323464100666174,0.7490636704119851,0.5882352941176471,0.4653868528214078,0.22471910112359553,0.26896180742334586,0.13083296990841692,0.42643923240938164,0.7789317507418397,9.528700216820724,3.5234772054919214
2025,comuna,10,Servicio de Salud Metropolitano Occidente,13117,Lo Prado,Normal,27,436,403,341,291,245,250,296,335,451,3296,6371,88.0,1351.0,1602.0,1870.0,1719.0,1780.0,1859.0,2293.0,2345.0,2696.0,8763.0,26366.0,30.681818181818183,32.27239082161362,25.15605493133583,18.235294117647058,16.92844677137871,13.764044943820226,13.448090371167295,12.908853030963801,14.285714285714285,16.72848664688427,37.612689718133055,24.16369566866419
2025,comuna,10,Servicio de Salud Metropolitano Occidente,13117,Lo Prado,Obesidad,35,470,661,831,826,843,888,1107,1133,1185,2270,10249,88.0,1351.0,1602.0,1870.0,1719.0,1780.0,1859.0,2293.0,2345.0,2696.0,8763.0,26366.0,39.77272727272727,34.78904515173945,41.26092384519351,44.43850267379679,48.05119255381036,47.359550561797754,47.76761699838623,48.27736589620584,48.31556503198294,43.9540059347181,25.904370649321006,38.872032162633694
2025,comuna,10,Servicio de Salud Metropolitano Occidente,13117,Lo Prado,Sobrepeso,24,427,526,687,594,688,716,887,867,1039,2362,8817,88.0,1351.0,1602.0,1870.0,1719.0,1780.0,1859.0,2293.0,2345.0,2696.0,8763.0,26366.0,27.27272727272727,31.606217616580313,32.83395755305868,36.7379679144385,34.55497382198953,38.651685393258425,38.51533082302313,38.68294810292194,36.97228144989339,38.53857566765579,26.954239415725205,33.440794963210195
2025,comuna,10,Servicio de Salud Metropolitano Occidente,13124,Pudahuel,Bajo peso,55,73,31,26,13,17,9,22,17,32,1273,1568,1385.0,2809.0,3202.0,3545.0,3568.0,3508.0,3361.0,4093.0,4200.0,4868.0,14272.0,48811.0,3.9711191335740073,2.5987896048415804,0.9681449094316054,0.7334273624823695,0.36434977578475336,0.4846066134549601,0.2677774471883368,0.537503053994625,0.4047619047619047,0.657354149548069,8.919562780269057,3.212390649648645
2025,comuna,10,Servicio de Salud Metropolitano Occidente,13124,Pudahuel,Normal,561,952,860,693,611,531,453,557,608,775,4812,11413,1385.0,2809.0,3202.0,3545.0,3568.0,3508.0,3361.0,4093.0,4200.0,4868.0,14272.0,48811.0,40.505415162454874,33.89106443574226,26.858213616489696,19.548660084626235,17.12443946188341,15.136830102622579,13.478131508479619,13.608600048863915,14.476190476190476,15.920295809367296,33.71636771300449,23.382024543647947
2025,comuna,10,Servicio de Salud Metropolitano Occidente,13124,Pudahuel,Obesidad,357,907,1208,1595,1668,1726,1674,1889,1931,2057,3955,18967,1385.0,2809.0,3202.0,3545.0,3568.0,3508.0,3361.0,4093.0,4200.0,4868.0,14272.0,48811.0,25.776173285198556,32.28907084371663,37.7264209868832,44.99294781382229,46.74887892376682,49.2018244013683,49.80660517703065,46.151966772538486,45.976190476190474,42.255546425636815,27.71160313901345,38.85804429329455
2025,comuna,10,Servicio de Salud Metropolitano Occidente,13124,Pudahuel,Sobrepeso,412,877,1103,1231,1276,1234,1225,1625,1644,2004,4232,16863,1385.0,2809.0,3202.0,3545.0,3568.0,3508.0,3361.0,4093.0,4200.0,4868.0,14272.0,48811.0,29.747292418772563,31.221075115699538,34.4472204871955,34.724964739069115,35.76233183856502,35.17673888255416,36.447485867301396,39.70193012460298,39.14285714285714,41.16680361544782,29.652466367713004,34.54754051340886
2025,comuna,10,Servicio de Salud Metropolitano Occidente,13126,Quinta Normal,Bajo peso,27,46,9,11,10,4,3,5,13,14,868,1010,423.0,1460.0,1492.0,1447.0,1155.0,1068.0,961.0,1197.0,1188.0,1479.0,7770.0,19640.0,6.382978723404255,3.1506849315068495,0.6032171581769437,0.7601935038009675,0.8658008658008658,0.37453183520599254,0.31217481789802287,0.4177109440267335,1.0942760942760943,0.9465855307640297,11.17117117117117,5.142566191446028
2025,comuna,10,Servicio de Salud Metropolitano Occidente,13126,Quinta Normal,Normal,171,649,576,360,238,179,147,175,208,265,2995,5963,423.0,1460.0,1492.0,1447.0,1155.0,1068.0,961.0,1197.0,1188.0,1479.0,7770.0,19640.0,40.42553191489361,44.45205479452055,38.605898123324394,24.8790601243953,20.606060606060606,16.760299625468164,15.29656607700312,14.619883040935672,17.50841750841751,17.917511832319136,38.54568854568854,30.361507128309572
2025,comuna,10,Servicio de Salud Metropolitano Occidente,13126,Quinta Normal,Obesidad,110,342,435,649,525,527,472,595,528,623,1814,6620,423.0,1460.0,1492.0,1447.0,1155.0,1068.0,961.0,1197.0,1188.0,1479.0,7770.0,19640.0,26.004728132387704,23.424657534246577,29.15549597855228,44.851416724257085,45.45454545454545,49.344569288389515,49.115504682622266,49.707602339181285,44.44444444444444,42.12305611899932,23.346203346203346,33.706720977596746
2025,comuna,10,Servicio de Salud Metropolitano Occidente,13126,Quinta Normal,Sobrepeso,115,423,472,427,382,358,339,422,439,577,2093,6047,423.0,1460.0,1492.0,1447.0,1155.0,1068.0,961.0,1197.0,1188.0,1479.0,7770.0,19640.0,27.18676122931442,28.972602739726028,31.63538873994638,29.50932964754665,33.073593073593074,33.52059925093633,35.27575442247659,35.25480367585631,36.95286195286195,39.01284651791751,26.936936936936938,30.78920570264766
2025,comuna,10,Servicio de Salud Metropolitano Occidente,13128,Renca,Bajo peso,119,38,11,9,7,5,10,7,8,24,733,971,1895.0,1366.0,1339.0,1562.0,1523.0,1598.0,1891.0,2243.0,2182.0,2710.0,8303.0,26612.0,6.279683377308707,2.781844802342606,0.8215085884988798,0.5761843790012804,0.4596191726854892,0.31289111389236546,0.5288207297726071,0.3120820329915292,0.36663611365719523,0.8856088560885609,8.82813440924967,3.6487298962873895
2025,comuna,10,Servicio de Salud Metropolitano Occidente,13128,Renca,Normal,812,419,347,287,239,213,212,287,306,381,2877,6380,1895.0,1366.0,1339.0,1562.0,1523.0,1598.0,1891.0,2243.0,2182.0,2710.0,8303.0,26612.0,42.849604221635886,30.67349926793558,25.914861837191932,18.373879641485274,15.692711753118843,13.32916145181477,11.210999471179269,12.795363352652696,14.023831347387716,14.059040590405905,34.65012646031555,23.974147001352772
2025,comuna,10,Servicio de Salud Metropolitano Occidente,13128,Renca,Obesidad,480,478,583,763,771,889,1041,1203,1113,1271,2254,10846,1895.0,1366.0,1339.0,1562.0,1523.0,1598.0,1891.0,2243.0,2182.0,2710.0,8303.0,26612.0,25.32981530343008,34.99267935578331,43.53995519044063,48.84763124199744,50.62376887721602,55.63204005006258,55.0502379693284,53.63352652697281,51.00824931255728,46.90036900369003,27.146814404432135,40.756049902299715
2025,comuna,10,Servicio de Salud Metropolitano Occidente,13128,Renca,Sobrepeso,484,431,398,503,506,491,628,746,755,1034,2439,8415,1895.0,1366.0,1339.0,1562.0,1523.0,1598.0,1891.0,2243.0,2182.0,2710.0,8303.0,26612.0,25.540897097625333,31.551976573938507,29.72367438386856,32.20230473751601,33.22390019697964,30.72590738423029,33.209941829719725,33.25902808738297,34.6012832263978,38.154981549815496,29.37492472600265,31.621073200060124
2025,comuna,10,Servicio de Salud Metropolitano Occidente,13501,Melipilla,Bajo peso,2,19,10,6,12,2,1,4,1,7,732,796,84.0,1384.0,1638.0,1573.0,1583.0,1436.0,1180.0,1200.0,1215.0,1255.0,6694.0,19242.0,2.380952380952381,1.3728323699421965,0.6105006105006106,0.3814367450731087,0.7580543272267846,0.1392757660167131,0.0847457627118644,0.33333333333333337,0.0823045267489712,0.5577689243027889,10.935165820137437,4.136784118075044
2025,comuna,10,Servicio de Salud Metropolitano Occidente,13501,Melipilla,Normal,26,480,410,297,290,207,148,172,156,198,2451,4835,84.0,1384.0,1638.0,1573.0,1583.0,1436.0,1180.0,1200.0,1215.0,1255.0,6694.0,19242.0,30.952380952380953,34.68208092485549,25.03052503052503,18.88111888111888,18.31964624131396,14.415041782729803,12.54237288135593,14.333333333333334,12.839506172839506,15.776892430278885,36.61487899611593,25.127325641825177
2025,comuna,10,Servicio de Salud Metropolitano Occidente,13501,Melipilla,Obesidad,26,476,668,688,723,728,596,603,599,579,1619,7305,84.0,1384.0,1638.0,1573.0,1583.0,1436.0,1180.0,1200.0,1215.0,1255.0,6694.0,19242.0,30.952380952380953,34.39306358381503,40.78144078144078,43.73808010171646,45.67277321541377,50.69637883008357,50.50847457627119,50.24999999999999,49.300411522633745,46.135458167330675,24.185838063937855,37.963829123791704
2025,comuna,10,Servicio de Salud Metropolitano Occidente,13501,Melipilla,Sobrepeso,30,409,550,582,558,499,435,421,459,471,1892,6306,84.0,1384.0,1638.0,1573.0,1583.0,1436.0,1180.0,1200.0,1215.0,1255.0,6694.0,19242.0,35.714285714285715,29.552023121387283,33.57753357753357,36.99936427209155,35.24952621604548,34.74930362116992,36.86440677966102,35.083333333333336,37.77777777777778,37.52988047808765,28.264117119808784,32.77206111630807
2025,comuna,10,Servicio de Salud Metropolitano Occidente,13502,Alhué,Bajo peso,0,0,1,0,0,0,0,0,1,2,66,70,0.0,136.0,164.0,153.0,152.0,125.0,132.0,143.0,122.0,123.0,846.0,2096.0,,0.0,0.6097560975609756,0.0,0.0,0.0,0.0,0.0,0.819672131147541,1.6260162601626018,7.801418439716312,3.3396946564885495
2025,comuna,10,Servicio de Salud Metropolitano Occidente,13502,Alhué,Normal,0,60,61,44,28,22,8,22,13,15,297,570,0.0,136.0,164.0,153.0,152.0,125.0,132.0,143.0,122.0,123.0,846.0,2096.0,,44.11764705882353,37.19512195121951,28.75816993464052,18.421052631578945,17.599999999999998,6.0606060606060606,15.384615384615385,10.655737704918032,12.195121951219512,35.1063829787234,27.19465648854962
2025,comuna,10,Servicio de Salud Metropolitano Occidente,13502,Alhué,Obesidad,0,30,49,56,62,61,69,68,69,68,225,757,0.0,136.0,164.0,153.0,152.0,125.0,132.0,143.0,122.0,123.0,846.0,2096.0,,22.058823529411764,29.878048780487802,36.60130718954248,40.78947368421053,48.8,52.27272727272727,47.55244755244755,56.557377049180324,55.28455284552846,26.595744680851062,36.11641221374045
2025,comuna,10,Servicio de Salud Metropolitano Occidente,13502,Alhué,Sobrepeso,0,46,53,53,62,42,55,53,39,38,258,699,0.0,136.0,164.0,153.0,152.0,125.0,132.0,143.0,122.0,123.0,846.0,2096.0,,33.82352941176471,32.31707317073171,34.64052287581699,40.78947368421053,33.6,41.66666666666667,37.06293706293706,31.967213114754102,30.89430894308943,30.49645390070922,33.349236641221374
2025,comuna,10,Servicio de Salud Metropolitano Occidente,13503,Curacaví,Bajo peso,0,0,0,0,0,0,0,0,0,0,62,62,7.0,72.0,98.0,89.0,95.0,81.0,82.0,71.0,81.0,86.0,699.0,1461.0,0.0,0.0,0.0,0.0,0.0,0.0,0.0,0.0,0.0,0.0,8.869814020028613,4.243668720054758
2025,comuna,10,Servicio de Salud Metropolitano Occidente,13503,Curacaví,Normal,1,18,24,12,13,18,8,8,9,14,250,375,7.0,72.0,98.0,89.0,95.0,81.0,82.0,71.0,81.0,86.0,699.0,1461.0,14.285714285714285,25.0,24.489795918367346,13.48314606741573,13.684210526315791,22.22222222222222,9.75609756097561,11.267605633802818,11.11111111111111,16.27906976744186,35.7653791130186,25.667351129363446
2025,comuna,10,Servicio de Salud Metropolitano Occidente,13503,Curacaví,Obesidad,2,35,43,54,41,29,44,34,37,34,170,523,7.0,72.0,98.0,89.0,95.0,81.0,82.0,71.0,81.0,86.0,699.0,1461.0,28.57142857142857,48.61111111111111,43.87755102040816,60.67415730337079,43.15789473684211,35.80246913580247,53.65853658536586,47.88732394366197,45.67901234567901,39.53488372093023,24.320457796852647,35.79739904175223
2025,comuna,10,Servicio de Salud Metropolitano Occidente,13503,Curacaví,Sobrepeso,4,19,31,23,41,34,30,29,35,38,217,501,7.0,72.0,98.0,89.0,95.0,81.0,82.0,71.0,81.0,86.0,699.0,1461.0,57.14285714285714,26.38888888888889,31.63265306122449,25.842696629213485,43.15789473684211,41.9753086419753,36.58536585365854,40.845070422535215,43.20987654320987,44.18604651162791,31.04434907010014,34.29158110882957
2025,comuna,10,Servicio de Salud Metropolitano Occidente,13504,Maria Pinto,Bajo peso,0,1,0,0,3,0,0,1,1,1,101,108,5.0,151.0,141.0,171.0,173.0,207.0,198.0,250.0,282.0,367.0,1145.0,3090.0,0.0,0.6622516556291391,0.0,0.0,1.7341040462427744,0.0,0.0,0.4,0.3546099290780142,0.2724795640326975,8.820960698689955,3.4951456310679614
2025,comuna,10,Servicio de Salud Metropolitano Occidente,13504,Maria Pinto,Normal,2,49,33,26,21,26,21,28,26,55,407,694,5.0,151.0,141.0,171.0,173.0,207.0,198.0,250.0,282.0,367.0,1145.0,3090.0,40.0,32.450331125827816,23.404255319148938,15.204678362573098,12.138728323699421,12.560386473429952,10.606060606060606,11.200000000000001,9.219858156028367,14.986376021798364,35.54585152838428,22.459546925566343
2025,comuna,10,Servicio de Salud Metropolitano Occidente,13504,Maria Pinto,Obesidad,3,63,62,87,99,104,123,137,148,183,291,1300,5.0,151.0,141.0,171.0,173.0,207.0,198.0,250.0,282.0,367.0,1145.0,3090.0,60.0,41.72185430463576,43.97163120567376,50.877192982456144,57.22543352601156,50.24154589371981,62.121212121212125,54.800000000000004,52.4822695035461,49.863760217983646,25.41484716157205,42.07119741100323
2025,comuna,10,Servicio de Salud Metropolitano Occidente,13504,Maria Pinto,Sobrepeso,0,38,46,58,50,77,54,84,107,128,346,988,5.0,151.0,141.0,171.0,173.0,207.0,198.0,250.0,282.0,367.0,1145.0,3090.0,0.0,25.165562913907287,32.62411347517731,33.91812865497076,28.901734104046245,37.19806763285024,27.27272727272727,33.6,37.94326241134752,34.87738419618528,30.21834061135371,31.974110032362457
2025,comuna,10,Servicio de Salud Metropolitano Occidente,13505,San Pedro,Bajo peso,0,2,9,4,4,2,4,3,6,3,53,90,4.0,174.0,242.0,231.0,238.0,165.0,168.0,177.0,207.0,187.0,756.0,2549.0,0.0,1.1494252873563218,3.71900826446281,1.7316017316017316,1.680672268907563,1.2121212121212122,2.380952380952381,1.694915254237288,2.898550724637681,1.6042780748663104,7.01058201058201,3.5307963907414677
2025,comuna,10,Servicio de Salud Metropolitano Occidente,13505,San Pedro,Normal,2,70,63,57,46,17,33,16,24,29,234,591,4.0,174.0,242.0,231.0,238.0,165.0,168.0,177.0,207.0,187.0,756.0,2549.0,50.0,40.229885057471265,26.033057851239672,24.675324675324674,19.327731092436977,10.303030303030303,19.642857142857142,9.03954802259887,11.594202898550725,15.508021390374333,30.952380952380953,23.185562965868968
2025,comuna,10,Servicio de Salud Metropolitano Occidente,13505,San Pedro,Obesidad,0,49,81,76,96,89,80,86,103,84,236,980,4.0,174.0,242.0,231.0,238.0,165.0,168.0,177.0,207.0,187.0,756.0,2549.0,0.0,28.160919540229884,33.47107438016529,32.900432900432904,40.33613445378151,53.939393939393945,47.61904761904761,48.58757062146893,49.75845410628019,44.919786096256686,31.216931216931215,38.446449588073754
2025,comuna,10,Servicio de Salud Metropolitano Occidente,13505,San Pedro,Sobrepeso,2,53,89,94,92,57,51,72,74,71,233,888,4.0,174.0,242.0,231.0,238.0,165.0,168.0,177.0,207.0,187.0,756.0,2549.0,50.0,30.45977011494253,36.77685950413223,40.692640692640694,38.655462184873954,34.54545454545455,30.357142857142854,40.67796610169492,35.748792270531396,37.967914438502675,30.82010582010582,34.837191055315806
2025,comuna,10,Servicio de Salud Metropolitano Occidente,13601,Talagante,Bajo peso,0,20,13,3,4,1,1,2,4,2,369,419,21.0,737.0,911.0,1062.0,937.0,913.0,997.0,841.0,863.0,910.0,4027.0,12219.0,0.0,2.7137042062415198,1.4270032930845227,0.2824858757062147,0.42689434364994666,0.10952902519167579,0.10030090270812438,0.23781212841854932,0.4634994206257242,0.21978021978021978,9.163148745964737,3.4290858499058845
2025,comuna,10,Servicio de Salud Metropolitano Occidente,13601,Talagante,Normal,10,272,278,285,188,190,141,180,157,209,1391,3301,21.0,737.0,911.0,1062.0,937.0,913.0,997.0,841.0,863.0,910.0,4027.0,12219.0,47.61904761904761,36.90637720488466,30.515916575192097,26.836158192090398,20.064034151547492,20.810514786418402,14.142427281845539,21.40309155766944,18.192352259559673,22.967032967032967,34.54184256270176,27.015304034700055
2025,comuna,10,Servicio de Salud Metropolitano Occidente,13601,Talagante,Obesidad,4,222,308,405,406,385,515,356,361,335,1071,4368,21.0,737.0,911.0,1062.0,937.0,913.0,997.0,841.0,863.0,910.0,4027.0,12219.0,19.047619047619047,30.12211668928087,33.80900109769484,38.13559322033898,43.32977588046958,42.168674698795186,51.65496489468405,42.33055885850178,41.83082271147161,36.81318681318682,26.595480506580582,35.74760618708569
2025,comuna,10,Servicio de Salud Metropolitano Occidente,13601,Talagante,Sobrepeso,7,223,312,369,339,337,340,303,341,364,1196,4131,21.0,737.0,911.0,1062.0,937.0,913.0,997.0,841.0,863.0,910.0,4027.0,12219.0,33.33333333333333,30.257801899592945,34.24807903402854,34.74576271186441,36.17929562433298,36.91128148959474,34.10230692076229,36.02853745541022,39.51332560834299,40.0,29.699528184752914,33.80800392830837
2025,comuna,10,Servicio de Salud Metropolitano Occidente,13602,El Monte,Bajo peso,3,6,1,5,1,0,0,4,1,4,232,257,26.0,261.0,284.0,342.0,394.0,408.0,378.0,406.0,482.0,549.0,2178.0,5708.0,11.538461538461538,2.2988505747126435,0.35211267605633806,1.461988304093567,0.25380710659898476,0.0,0.0,0.9852216748768473,0.2074688796680498,0.7285974499089253,10.651974288337925,4.502452697967764
2025,comuna,10,Servicio de Salud Metropolitano Occidente,13602,El Monte,Normal,8,82,63,64,72,57,35,45,56,62,795,1339,26.0,261.0,284.0,342.0,394.0,408.0,378.0,406.0,482.0,549.0,2178.0,5708.0,30.76923076923077,31.417624521072796,22.183098591549296,18.71345029239766,18.274111675126903,13.970588235294118,9.25925925925926,11.083743842364532,11.618257261410788,11.293260473588344,36.50137741046832,23.458304134548
2025,comuna,10,Servicio de Salud Metropolitano Occidente,13602,El Monte,Obesidad,9,99,131,161,211,214,211,231,250,257,530,2304,26.0,261.0,284.0,342.0,394.0,408.0,378.0,406.0,482.0,549.0,2178.0,5708.0,34.61538461538461,37.93103448275862,46.12676056338028,47.07602339181287,53.55329949238579,52.450980392156865,55.82010582010582,56.896551724137936,51.867219917012456,46.81238615664845,24.334251606978878,40.36440084092502
2025,comuna,10,Servicio de Salud Metropolitano Occidente,13602,El Monte,Sobrepeso,6,74,89,112,110,137,132,126,175,226,621,1808,26.0,261.0,284.0,342.0,394.0,408.0,378.0,406.0,482.0,549.0,2178.0,5708.0,23.076923076923077,28.35249042145594,31.338028169014088,32.748538011695906,27.918781725888326,33.57843137254902,34.92063492063492,31.03448275862069,36.30705394190871,41.16575591985428,28.512396694214875,31.674842326559215
2025,comuna,10,Servicio de Salud Metropolitano Occidente,13603,Isla de Maipo,Bajo peso,0,14,1,2,2,2,1,0,2,3,234,261,2.0,403.0,432.0,477.0,506.0,448.0,449.0,442.0,438.0,387.0,2226.0,6210.0,0.0,3.4739454094292808,0.23148148148148145,0.41928721174004197,0.3952569169960474,0.4464285714285714,0.22271714922048996,0.0,0.45662100456621,0.7751937984496124,10.512129380053908,4.202898550724638
2025,comuna,10,Servicio de Salud Metropolitano Occidente,13603,Isla de Maipo,Normal,1,133,108,92,93,65,56,58,56,64,812,1538,2.0,403.0,432.0,477.0,506.0,448.0,449.0,442.0,438.0,387.0,2226.0,6210.0,50.0,33.002481389578165,25.0,19.28721174004193,18.379446640316203,14.508928571428573,12.47216035634744,13.122171945701359,12.785388127853881,16.5374677002584,36.477987421383645,24.766505636070853
2025,comuna,10,Servicio de Salud Metropolitano Occidente,13603,Isla de Maipo,Obesidad,1,155,198,226,248,224,250,235,206,154,564,2461,2.0,403.0,432.0,477.0,506.0,448.0,449.0,442.0,438.0,387.0,2226.0,6210.0,50.0,38.46153846153847,45.83333333333333,47.37945492662474,49.01185770750988,50.0,55.67928730512249,53.16742081447964,47.03196347031963,39.79328165374677,25.336927223719673,39.62962962962963
2025,comuna,10,Servicio de Salud Metropolitano Occidente,13603,Isla de Maipo,Sobrepeso,0,101,125,157,163,157,142,149,174,166,616,1950,2.0,403.0,432.0,477.0,506.0,448.0,449.0,442.0,438.0,387.0,2226.0,6210.0,0.0,25.06203473945409,28.935185185185187,32.914046121593294,32.21343873517787,35.044642857142854,31.625835189309576,33.710407239819006,39.726027397260275,42.89405684754522,27.67295597484277,31.40096618357488
2025,comuna,10,Servicio de Salud Metropolitano Occidente,13604,Padre Hurtado,Bajo peso,23,19,10,1,6,2,1,5,2,4,290,363,564.0,840.0,914.0,1204.0,1319.0,1062.0,955.0,984.0,941.0,908.0,3551.0,13242.0,4.078014184397164,2.261904761904762,1.0940919037199124,0.08305647840531562,0.45489006823351025,0.18832391713747645,0.10471204188481677,0.5081300813008129,0.21253985122210414,0.4405286343612335,8.166713601802309,2.7412777526053467
2025,comuna,10,Servicio de Salud Metropolitano Occidente,13604,Padre Hurtado,Normal,237,234,202,217,187,140,103,112,127,141,1257,2957,564.0,840.0,914.0,1204.0,1319.0,1062.0,955.0,984.0,941.0,908.0,3551.0,13242.0,42.02127659574468,27.857142857142858,22.100656455142232,18.023255813953487,14.177407126611069,13.182674199623351,10.785340314136125,11.38211382113821,13.496280552603611,15.52863436123348,35.39847930160518,22.330463676181846
2025,comuna,10,Servicio de Salud Metropolitano Occidente,13604,Padre Hurtado,Obesidad,147,337,420,556,684,559,466,538,459,396,950,5512,564.0,840.0,914.0,1204.0,1319.0,1062.0,955.0,984.0,941.0,908.0,3551.0,13242.0,26.063829787234045,40.11904761904762,45.951859956236326,46.179401993355484,51.85746777862017,52.63653483992468,48.795811518324605,54.67479674796748,48.777895855472906,43.61233480176212,26.753027316248946,41.62513215526356
2025,comuna,10,Servicio de Salud Metropolitano Occidente,13604,Padre Hurtado,Sobrepeso,157,250,282,430,442,361,385,329,353,367,1054,4410,564.0,840.0,914.0,1204.0,1319.0,1062.0,955.0,984.0,941.0,908.0,3551.0,13242.0,27.836879432624112,29.761904761904763,30.85339168490153,35.714285714285715,33.510235026535256,33.9924670433145,40.31413612565445,33.4349593495935,37.51328374070138,40.41850220264317,29.681779780343565,33.30312641594925
2025,comuna,10,Servicio de Salud Metropolitano Occidente,13605,Peñaflor,Bajo peso,2,9,11,4,2,2,5,4,8,6,599,652,12.0,863.0,950.0,1107.0,1233.0,1083.0,1205.0,1445.0,1378.0,1602.0,5502.0,16380.0,16.666666666666664,1.0428736964078795,1.1578947368421053,0.36133694670280037,0.16220600162206003,0.18467220683287164,0.4149377593360996,0.27681660899653976,0.5805515239477503,0.37453183520599254,10.886950199927298,3.98046398046398
2025,comuna,10,Servicio de Salud Metropolitano Occidente,13605,Peñaflor,Normal,6,288,256,234,198,136,147,200,190,275,1874,3804,12.0,863.0,950.0,1107.0,1233.0,1083.0,1205.0,1445.0,1378.0,1602.0,5502.0,16380.0,50.0,33.371958285052145,26.94736842105263,21.138211382113823,16.05839416058394,12.557710064635272,12.199170124481327,13.84083044982699,13.788098693759071,17.166042446941322,34.06034169392948,23.223443223443223
2025,comuna,10,Servicio de Salud Metropolitano Occidente,13605,Peñaflor,Obesidad,3,282,357,444,586,535,619,697,659,701,1456,6339,12.0,863.0,950.0,1107.0,1233.0,1083.0,1205.0,1445.0,1378.0,1602.0,5502.0,16380.0,25.0,32.67670915411356,37.57894736842105,40.10840108401084,47.526358475263585,49.39981532779317,51.369294605809124,48.23529411764706,47.82293178519594,43.757802746566796,26.463104325699742,38.6996336996337
2025,comuna,10,Servicio de Salud Metropolitano Occidente,13605,Peñaflor,Sobrepeso,1,284,326,425,447,410,434,544,521,620,1573,5585,12.0,863.0,950.0,1107.0,1233.0,1083.0,1205.0,1445.0,1378.0,1602.0,5502.0,16380.0,8.333333333333332,32.90845886442642,34.31578947368421,38.39205058717254,36.25304136253041,37.85780240073869,36.016597510373444,37.64705882352941,37.808417997097244,38.70162297128589,28.589603780443472,34.0964590964591
2025,comuna,11,Servicio de Salud Metropolitano Central,13101,Santiago,Bajo peso,221,72,46,36,30,15,27,18,20,32,1934,2451,2553.0,2190.0,2982.0,3958.0,3816.0,3399.0,3003.0,2883.0,2801.0,3147.0,15557.0,46289.0,8.656482569526048,3.287671232876712,1.5425888665325285,0.9095502779181406,0.7861635220125787,0.44130626654898497,0.8991008991008992,0.6243496357960457,0.7140307033202428,1.0168414362885287,12.43170277045703,5.294994491131803
2025,comuna,11,Servicio de Salud Metropolitano Central,13101,Santiago,Normal,1456,931,1011,1125,908,721,542,510,531,722,6269,14726,2553.0,2190.0,2982.0,3958.0,3816.0,3399.0,3003.0,2883.0,2801.0,3147.0,15557.0,46289.0,57.03094398746573,42.51141552511415,33.903420523138834,28.42344618494189,23.79454926624738,21.21212121212121,18.04861804861805,17.68990634755463,18.957515173152444,22.94248490625993,40.2969724239892,31.81317375618398
2025,comuna,11,Servicio de Salud Metropolitano Central,13101,Santiago,Obesidad,371,548,906,1365,1403,1314,1283,1231,1148,1160,3231,13960,2553.0,2190.0,2982.0,3958.0,3816.0,3399.0,3003.0,2883.0,2801.0,3147.0,15557.0,46289.0,14.531923227575403,25.022831050228312,30.38229376257545,34.48711470439616,36.766247379454924,38.658428949691086,42.72394272394273,42.698577870274015,40.98536237058193,36.860502065459166,20.768785755608405,30.158352956425933
2025,comuna,11,Servicio de Salud Metropolitano Central,13101,Santiago,Sobrepeso,505,639,1019,1432,1475,1349,1151,1124,1102,1233,4123,15152,2553.0,2190.0,2982.0,3958.0,3816.0,3399.0,3003.0,2883.0,2801.0,3147.0,15557.0,46289.0,19.780650215432825,29.178082191780824,34.17169684775318,36.17988883274381,38.65303983228511,39.68814357163872,38.32833832833833,38.9871661463753,39.34309175294538,39.18017159199238,26.502539049945362,32.73347879625829
2025,comuna,11,Servicio de Salud Metropolitano Central,13102,Cerrillos,Bajo peso,21,13,4,2,1,3,1,2,4,5,340,396,276.0,497.0,556.0,674.0,745.0,754.0,814.0,1059.0,1354.0,1799.0,4435.0,12963.0,7.608695652173914,2.61569416498994,0.7194244604316548,0.2967359050445104,0.1342281879194631,0.3978779840848806,0.12285012285012285,0.18885741265344666,0.29542097488921715,0.27793218454697055,7.666290868094701,3.054848414718815
2025,comuna,11,Servicio de Salud Metropolitano Central,13102,Cerrillos,Normal,129,166,132,156,123,133,122,137,221,316,1504,3139,276.0,497.0,556.0,674.0,745.0,754.0,814.0,1059.0,1354.0,1799.0,4435.0,12963.0,46.73913043478261,33.400402414486926,23.741007194244602,23.14540059347181,16.51006711409396,17.639257294429708,14.987714987714988,12.936732766761095,16.322008862629247,17.565314063368536,33.91206313416009,24.215073671218082
2025,comuna,11,Servicio de Salud Metropolitano Central,13102,Cerrillos,Obesidad,58,152,226,312,355,351,432,556,659,826,1099,5026,276.0,497.0,556.0,674.0,745.0,754.0,814.0,1059.0,1354.0,1799.0,4435.0,12963.0,21.014492753623188,30.58350100603622,40.647482014388494,46.29080118694362,47.651006711409394,46.55172413793103,53.07125307125307,52.50236071765817,48.67060561299852,45.91439688715953,24.780157835400228,38.77188922317365
2025,comuna,11,Servicio de Salud Metropolitano Central,13102,Cerrillos,Sobrepeso,68,166,194,204,266,267,259,364,470,652,1492,4402,276.0,497.0,556.0,674.0,745.0,754.0,814.0,1059.0,1354.0,1799.0,4435.0,12963.0,24.637681159420293,33.400402414486926,34.89208633093525,30.267062314540063,35.70469798657718,35.41114058355438,31.818181818181817,34.372049102927285,34.711964549483014,36.24235686492496,33.641488162344984,33.95818869088946
2025,comuna,11,Servicio de Salud Metropolitano Central,13106,Estación Central,Bajo peso,17,38,16,10,5,4,6,5,10,14,623,748,499.0,1090.0,1317.0,1498.0,1368.0,1181.0,1038.0,1180.0,1167.0,1393.0,5748.0,17479.0,3.406813627254509,3.486238532110092,1.2148823082763858,0.6675567423230975,0.36549707602339176,0.3386960203217612,0.5780346820809248,0.423728813559322,0.8568980291345331,1.0050251256281406,10.838552540013918,4.279421019509125
2025,comuna,11,Servicio de Salud Metropolitano Central,13106,Estación Central,Normal,281,408,344,320,246,191,140,139,169,245,2092,4575,499.0,1090.0,1317.0,1498.0,1368.0,1181.0,1038.0,1180.0,1167.0,1393.0,5748.0,17479.0,56.312625250501,37.43119266055046,26.11996962794229,21.36181575433912,17.982456140350877,16.172734970364097,13.48747591522158,11.779661016949152,14.481576692373608,17.587939698492463,36.39526791927627,26.174266262371987
2025,comuna,11,Servicio de Salud Metropolitano Central,13106,Estación Central,Obesidad,63,323,494,641,586,577,508,581,576,626,1392,6367,499.0,1090.0,1317.0,1498.0,1368.0,1181.0,1038.0,1180.0,1167.0,1393.0,5748.0,17479.0,12.625250501002002,29.63302752293578,37.50949126803341,42.79038718291055,42.83625730994152,48.85690093141405,48.94026974951831,49.23728813559322,49.3573264781491,44.93898061737258,24.21711899791232,36.42656902568797
2025,comuna,11,Servicio de Salud Metropolitano Central,13106,Estación Central,Sobrepeso,138,321,463,527,531,409,384,455,412,508,1641,5789,499.0,1090.0,1317.0,1498.0,1368.0,1181.0,1038.0,1180.0,1167.0,1393.0,5748.0,17479.0,27.655310621242485,29.44954128440367,35.155656795747916,35.18024032042724,38.81578947368421,34.63166807790009,36.99421965317919,38.559322033898304,35.30419880034275,36.46805455850682,28.549060542797495,33.11974369243092
2025,comuna,11,Servicio de Salud Metropolitano Central,13119,Maipú,Bajo peso,3,88,48,33,31,19,16,22,25,42,2332,2659,141.0,3577.0,3734.0,4048.0,4054.0,3729.0,3789.0,4653.0,5306.0,7072.0,24670.0,64773.0,2.127659574468085,2.460162147050601,1.2854847348687735,0.8152173913043478,0.7646768623581648,0.5095199785465273,0.422275006598047,0.4728132387706856,0.47116471918582736,0.5938914027149321,9.45277665180381,4.105105522362713
2025,comuna,11,Servicio de Salud Metropolitano Central,13119,Maipú,Normal,62,1221,987,841,694,579,522,609,740,1133,9148,16536,141.0,3577.0,3734.0,4048.0,4054.0,3729.0,3789.0,4653.0,5306.0,7072.0,24670.0,64773.0,43.97163120567376,34.13474979032709,26.432779860739153,20.775691699604742,17.118894918598915,15.526950925181012,13.77672209026128,13.088330109606705,13.94647568790049,16.020927601809955,37.08147547628699,25.52915566671298
2025,comuna,11,Servicio de Salud Metropolitano Central,13119,Maipú,Obesidad,38,1122,1439,1798,1940,1813,1935,2259,2520,3106,5843,23813,141.0,3577.0,3734.0,4048.0,4054.0,3729.0,3789.0,4653.0,5306.0,7072.0,24670.0,64773.0,26.95035460992908,31.367067374895164,38.53776111408677,44.41699604743083,47.853971386285146,48.61893268972915,51.06888361045131,48.54932301740813,47.4934036939314,43.91968325791855,23.684637211187678,36.76377502971918
2025,comuna,11,Servicio de Salud Metropolitano Central,13119,Maipú,Sobrepeso,38,1146,1260,1376,1389,1318,1316,1763,2021,2791,7347,21765,141.0,3577.0,3734.0,4048.0,4054.0,3729.0,3789.0,4653.0,5306.0,7072.0,24670.0,64773.0,26.95035460992908,32.03802068772715,33.7439742903053,33.99209486166008,34.26245683275777,35.34459640654331,34.73211929268936,37.88953363421449,38.088955898982285,39.46549773755656,29.78111066072152,33.60196378120513
2025,comuna,12,Servicio de Salud Metropolitano Oriente,13113,La Reina,Bajo peso,0,11,5,2,3,3,0,5,6,8,657,700,21.0,435.0,426.0,430.0,468.0,469.0,583.0,771.0,855.0,1024.0,4641.0,10123.0,0.0,2.528735632183908,1.1737089201877933,0.46511627906976744,0.641025641025641,0.6396588486140725,0.0,0.648508430609598,0.7017543859649122,0.78125,14.156431803490626,6.914946162204879
2025,comuna,12,Servicio de Salud Metropolitano Oriente,13113,La Reina,Normal,3,170,120,89,118,84,104,129,132,223,1830,3002,21.0,435.0,426.0,430.0,468.0,469.0,583.0,771.0,855.0,1024.0,4641.0,10123.0,14.285714285714285,39.08045977011494,28.169014084507044,20.69767441860465,25.213675213675213,17.91044776119403,17.83876500857633,16.731517509727624,15.43859649122807,21.77734375,39.431157078215904,29.6552405413415
2025,comuna,12,Servicio de Salud Metropolitano Oriente,13113,La Reina,Obesidad,9,146,153,189,194,215,262,344,392,414,959,3277,21.0,435.0,426.0,430.0,468.0,469.0,583.0,771.0,855.0,1024.0,4641.0,10123.0,42.857142857142854,33.5632183908046,35.91549295774648,43.95348837209303,41.452991452991455,45.84221748400853,44.93996569468268,44.61738002594034,45.84795321637427,40.4296875,20.66365007541478,32.37182653363627
2025,comuna,12,Servicio de Salud Metropolitano Oriente,13113,La Reina,Sobrepeso,9,108,148,150,153,167,217,293,325,379,1195,3144,21.0,435.0,426.0,430.0,468.0,469.0,583.0,771.0,855.0,1024.0,4641.0,10123.0,42.857142857142854,24.82758620689655,34.74178403755869,34.883720930232556,32.69230769230769,35.60767590618337,37.22126929674099,38.00259403372244,38.01169590643275,37.01171875,25.748761042878687,31.057986762817347
2025,comuna,12,Servicio de Salud Metropolitano Oriente,13114,Las Condes,Bajo peso,33,22,12,7,11,6,12,8,12,18,1680,1821,384.0,680.0,694.0,796.0,853.0,845.0,1039.0,1339.0,1582.0,2034.0,10043.0,20289.0,8.59375,3.2352941176470593,1.729106628242075,0.8793969849246231,1.2895662368112544,0.7100591715976331,1.1549566891241578,0.597460791635549,0.7585335018963337,0.8849557522123894,16.728069302001394,8.975306816501552
2025,comuna,12,Servicio de Salud Metropolitano Oriente,13114,Las Condes,Normal,197,311,266,262,256,235,227,271,319,457,4205,7006,384.0,680.0,694.0,796.0,853.0,845.0,1039.0,1339.0,1582.0,2034.0,10043.0,20289.0,51.302083333333336,45.73529411764706,38.328530259366,32.914572864321606,30.011723329425553,27.810650887573964,21.847930702598653,20.238984316654218,20.16434892541087,22.468043264503443,41.869959175545155,34.531026664695155
2025,comuna,12,Servicio de Salud Metropolitano Oriente,13114,Las Condes,Obesidad,60,165,181,272,279,293,376,527,651,724,1563,5091,384.0,680.0,694.0,796.0,853.0,845.0,1039.0,1339.0,1582.0,2034.0,10043.0,20289.0,15.625,24.264705882352942,26.0806916426513,34.17085427135678,32.708089097303635,34.67455621301775,36.18864292589028,39.357729648991786,41.150442477876105,35.59488692232055,15.563078761326295,25.092414608901375
2025,comuna,12,Servicio de Salud Metropolitano Oriente,13114,Las Condes,Sobrepeso,94,182,235,255,307,311,424,533,600,835,2595,6371,384.0,680.0,694.0,796.0,853.0,845.0,1039.0,1339.0,1582.0,2034.0,10043.0,20289.0,24.479166666666664,26.764705882352942,33.861671469740635,32.03517587939699,35.990621336459554,36.80473372781065,40.808469682386914,39.80582524271845,37.92667509481669,41.05211406096362,25.838892761127152,31.401251909901916
2025,comuna,12,Servicio de Salud Metropolitano Oriente,13115,Lo Barnechea,Bajo peso,1,8,4,0,2,0,2,1,4,3,296,321,28.0,344.0,333.0,378.0,440.0,423.0,535.0,608.0,681.0,677.0,3292.0,7739.0,3.571428571428571,2.3255813953488373,1.2012012012012012,0.0,0.45454545454545453,0.0,0.3738317757009346,0.1644736842105263,0.5873715124816447,0.4431314623338257,8.99149453219927,4.147822716113192
2025,comuna,12,Servicio de Salud Metropolitano Oriente,13115,Lo Barnechea,Normal,12,128,83,91,79,75,77,88,96,106,1088,1923,28.0,344.0,333.0,378.0,440.0,423.0,535.0,608.0,681.0,677.0,3292.0,7739.0,42.857142857142854,37.2093023255814,24.924924924924923,24.074074074074073,17.954545454545453,17.73049645390071,14.392523364485982,14.473684210526317,14.096916299559473,15.657311669128507,33.0498177399757,24.848171598397727
2025,comuna,12,Servicio de Salud Metropolitano Oriente,13115,Lo Barnechea,Obesidad,7,110,140,157,210,175,256,278,303,270,896,2802,28.0,344.0,333.0,378.0,440.0,423.0,535.0,608.0,681.0,677.0,3292.0,7739.0,25.0,31.976744186046513,42.04204204204204,41.53439153439153,47.72727272727273,41.371158392434985,47.85046728971963,45.723684210526315,44.49339207048458,39.88183161004431,27.217496962332927,36.20622819485722
2025,comuna,12,Servicio de Salud Metropolitano Oriente,13115,Lo Barnechea,Sobrepeso,8,98,106,130,149,173,200,241,278,298,1012,2693,28.0,344.0,333.0,378.0,440.0,423.0,535.0,608.0,681.0,677.0,3292.0,7739.0,28.57142857142857,28.488372093023255,31.83183183183183,34.39153439153439,33.86363636363636,40.8983451536643,37.38317757009346,39.63815789473684,40.822320117474305,44.01772525849335,30.741190765492103,34.797777490631866
2025,comuna,12,Servicio de Salud Metropolitano Oriente,13118,Macul,Bajo peso,0,47,20,14,8,7,3,9,10,22,1337,1477,17.0,1593.0,1628.0,1832.0,1633.0,1508.0,1535.0,1793.0,2068.0,2401.0,10344.0,26352.0,0.0,2.9504080351537976,1.2285012285012284,0.7641921397379913,0.4898958971218616,0.4641909814323607,0.19543973941368079,0.501952035694367,0.4835589941972921,0.9162848812994586,12.925367362722351,5.604887674559806
2025,comuna,12,Servicio de Salud Metropolitano Oriente,13118,Macul,Normal,11,637,471,420,369,267,265,304,317,453,3929,7443,17.0,1593.0,1628.0,1832.0,1633.0,1508.0,1535.0,1793.0,2068.0,2401.0,10344.0,26352.0,64.70588235294117,39.98744507219084,28.93120393120393,22.925764192139738,22.596448254745866,17.70557029177719,17.263843648208468,16.954824316787505,15.328820116054159,18.86713869221158,37.98337200309358,28.244535519125684
2025,comuna,12,Servicio de Salud Metropolitano Oriente,13118,Macul,Obesidad,6,428,590,710,675,673,699,818,907,982,2205,8693,17.0,1593.0,1628.0,1832.0,1633.0,1508.0,1535.0,1793.0,2068.0,2401.0,10344.0,26352.0,35.294117647058826,26.867545511613304,36.24078624078624,38.75545851528384,41.33496631965707,44.62864721485411,45.53745928338762,45.621862799776906,43.85880077369439,40.89962515618492,21.316705336426914,32.988008500303586
2025,comuna,12,Servicio de Salud Metropolitano Oriente,13118,Macul,Sobrepeso,0,481,547,688,581,561,568,662,834,944,2873,8739,17.0,1593.0,1628.0,1832.0,1633.0,1508.0,1535.0,1793.0,2068.0,2401.0,10344.0,26352.0,0.0,30.19460138104206,33.599508599508596,37.55458515283843,35.5786895284752,37.201591511936336,37.00325732899023,36.92136084774121,40.32882011605416,39.31695127030404,27.774555297757153,33.16256830601093
2025,comuna,12,Servicio de Salud Metropolitano Oriente,13120,Ñuñoa,Bajo peso,1,23,15,12,7,4,6,6,5,17,1526,1622,1.0,983.0,1088.0,1349.0,1256.0,1233.0,1150.0,1234.0,1455.0,2291.0,10909.0,22949.0,100.0,2.3397761953204474,1.3786764705882353,0.8895478131949592,0.5573248407643312,0.32441200324412006,0.5217391304347827,0.48622366288492713,0.3436426116838488,0.7420340462680053,13.988449903749197,7.0678460935117
2025,comuna,12,Servicio de Salud Metropolitano Oriente,13120,Ñuñoa,Normal,0,423,398,438,338,294,259,238,291,480,4554,7713,1.0,983.0,1088.0,1349.0,1256.0,1233.0,1150.0,1234.0,1455.0,2291.0,10909.0,22949.0,0.0,43.03153611393693,36.580882352941174,32.468495181616014,26.910828025477706,23.844282238442823,22.52173913043478,19.286871961102108,20.0,20.95154954168485,41.74534787789898,33.60930759510218
2025,comuna,12,Servicio de Salud Metropolitano Oriente,13120,Ñuñoa,Obesidad,0,262,322,482,434,476,468,531,594,890,1919,6378,1.0,983.0,1088.0,1349.0,1256.0,1233.0,1150.0,1234.0,1455.0,2291.0,10909.0,22949.0,0.0,26.653102746693797,29.59558823529412,35.73017049666419,34.554140127388536,38.605028386050286,40.69565217391305,43.030794165316046,40.824742268041234,38.847664775207335,17.590979924832705,27.792060656237744
2025,comuna,12,Servicio de Salud Metropolitano Oriente,13120,Ñuñoa,Sobrepeso,0,275,353,417,477,459,417,459,565,904,2910,7236,1.0,983.0,1088.0,1349.0,1256.0,1233.0,1150.0,1234.0,1455.0,2291.0,10909.0,22949.0,0.0,27.97558494404883,32.44485294117647,30.911786508524834,37.97770700636943,37.22627737226277,36.26086956521739,37.19611021069692,38.83161512027492,39.45875163683981,26.675222293519113,31.530785655148375
2025,comuna,12,Servicio de Salud Metropolitano Oriente,13122,Peñalolén,Bajo peso,13,54,24,13,11,7,8,12,16,23,1324,1505,431.0,2239.0,2386.0,2703.0,2623.0,2499.0,2957.0,3656.0,3923.0,3869.0,14984.0,42270.0,3.0162412993039442,2.41179097811523,1.0058675607711651,0.4809470958194599,0.41936713686618377,0.2801120448179272,0.2705444707473791,0.3282275711159737,0.4078511343359674,0.5944688550012923,8.836091831286707,3.5604447598769817
2025,comuna,12,Servicio de Salud Metropolitano Oriente,13122,Peñalolén,Normal,210,748,635,600,473,391,442,558,581,663,5385,10686,431.0,2239.0,2386.0,2703.0,2623.0,2499.0,2957.0,3656.0,3923.0,3869.0,14984.0,42270.0,48.72389791183295,33.40777132648503,26.61357921207041,22.197558268590456,18.0327868852459,15.646258503401361,14.947582008792695,15.262582056892779,14.810094315574815,17.136210907211165,35.93833422317138,25.280340667139818
2025,comuna,12,Servicio de Salud Metropolitano Oriente,13122,Peñalolén,Obesidad,102,793,952,1219,1211,1239,1524,1862,1929,1756,3946,16533,431.0,2239.0,2386.0,2703.0,2623.0,2499.0,2957.0,3656.0,3923.0,3869.0,14984.0,42270.0,23.665893271461716,35.41759714158106,39.89941324392288,45.09803921568628,46.168509340449866,49.57983193277311,51.53872167737572,50.92997811816192,49.17155238338007,45.386404755750846,26.334757074212494,39.112845990063875
2025,comuna,12,Servicio de Salud Metropolitano Oriente,13122,Peñalolén,Sobrepeso,106,644,775,871,928,862,983,1224,1397,1427,4329,13546,431.0,2239.0,2386.0,2703.0,2623.0,2499.0,2957.0,3656.0,3923.0,3869.0,14984.0,42270.0,24.593967517401392,28.76284055381867,32.48113998323554,32.223455419903814,35.379336637438044,34.4937975190076,33.243151843084206,33.479212253829324,35.61050216670915,36.88291548203671,28.890816871329417,32.04636858291933
2025,comuna,12,Servicio de Salud Metropolitano Oriente,13123,Providencia,Bajo peso,31,20,10,8,16,13,6,3,6,7,1417,1537,309.0,562.0,747.0,919.0,893.0,828.0,906.0,984.0,1051.0,1436.0,7798.0,16433.0,10.032362459546926,3.558718861209965,1.3386880856760375,0.8705114254624592,1.7917133258678613,1.570048309178744,0.6622516556291391,0.3048780487804878,0.570884871550904,0.48746518105849584,18.171325981020775,9.353130895150002
2025,comuna,12,Servicio de Salud Metropolitano Oriente,13123,Providencia,Normal,170,238,302,319,273,234,211,238,227,325,3416,5953,309.0,562.0,747.0,919.0,893.0,828.0,906.0,984.0,1051.0,1436.0,7798.0,16433.0,55.016181229773466,42.34875444839858,40.42838018741633,34.71164309031556,30.57110862262038,28.26086956521739,23.28918322295806,24.1869918699187,21.59847764034253,22.632311977715876,43.806104129263915,36.22588693482626
2025,comuna,12,Servicio de Salud Metropolitano Oriente,13123,Providencia,Obesidad,53,127,172,253,295,282,337,362,384,479,1116,3860,309.0,562.0,747.0,919.0,893.0,828.0,906.0,984.0,1051.0,1436.0,7798.0,16433.0,17.15210355987055,22.597864768683273,23.025435073627847,27.529923830250276,33.03471444568869,34.05797101449276,37.19646799116998,36.78861788617886,36.53663177925785,33.35654596100279,14.311361887663503,23.489320270188035
2025,comuna,12,Servicio de Salud Metropolitano Oriente,13123,Providencia,Sobrepeso,55,177,263,339,309,299,352,381,434,625,1849,5083,309.0,562.0,747.0,919.0,893.0,828.0,906.0,984.0,1051.0,1436.0,7798.0,16433.0,17.79935275080906,31.494661921708182,35.20749665327978,36.88792165397171,34.60246360582307,36.11111111111111,38.852097130242825,38.71951219512195,41.294005708848715,43.52367688022284,23.71120800205181,30.931661899835696
2025,comuna,12,Servicio de Salud Metropolitano Oriente,13132,Vitacura,Bajo peso,0,8,9,2,1,4,2,2,1,5,521,555,1.0,185.0,241.0,276.0,262.0,380.0,520.0,659.0,708.0,782.0,2896.0,6910.0,0.0,4.324324324324325,3.7344398340248963,0.7246376811594203,0.38167938931297707,1.0526315789473684,0.38461538461538464,0.30349013657056145,0.14124293785310735,0.639386189258312,17.99033149171271,8.031837916063676
2025,comuna,12,Servicio de Salud Metropolitano Oriente,13132,Vitacura,Normal,1,113,98,102,85,122,104,159,160,182,1226,2352,1.0,185.0,241.0,276.0,262.0,380.0,520.0,659.0,708.0,782.0,2896.0,6910.0,100.0,61.08108108108108,40.66390041493776,36.95652173913043,32.44274809160305,32.10526315789474,20.0,24.12746585735964,22.598870056497177,23.273657289002557,42.33425414364641,34.03762662807525
2025,comuna,12,Servicio de Salud Metropolitano Oriente,13132,Vitacura,Obesidad,0,25,55,72,70,123,206,232,281,256,447,1767,1.0,185.0,241.0,276.0,262.0,380.0,520.0,659.0,708.0,782.0,2896.0,6910.0,0.0,13.513513513513514,22.821576763485478,26.08695652173913,26.717557251908396,32.36842105263158,39.61538461538461,35.204855842185125,39.68926553672316,32.73657289002558,15.435082872928177,25.57163531114327
2025,comuna,12,Servicio de Salud Metropolitano Oriente,13132,Vitacura,Sobrepeso,0,39,79,100,106,131,208,266,266,339,702,2236,1.0,185.0,241.0,276.0,262.0,380.0,520.0,659.0,708.0,782.0,2896.0,6910.0,0.0,21.08108108108108,32.780082987551864,36.231884057971016,40.458015267175576,34.473684210526315,40.0,40.36418816388468,37.570621468926554,43.350383631713555,24.24033149171271,32.3589001447178
2025,comuna,13,Servicio de Salud Metropolitano Sur,13105,El Bosque,Bajo peso,0,25,12,9,1,3,2,9,8,8,463,540,6.0,920.0,867.0,889.0,803.0,803.0,706.0,882.0,957.0,915.0,3879.0,11627.0,0.0,2.717391304347826,1.384083044982699,1.0123734533183353,0.12453300124533001,0.37359900373599003,0.28328611898017,1.0204081632653061,0.8359456635318705,0.8743169398907104,11.936065996390823,4.6443622602563
2025,comuna,13,Servicio de Salud Metropolitano Sur,13105,El Bosque,Normal,3,290,162,147,122,91,104,91,129,129,993,2261,6.0,920.0,867.0,889.0,803.0,803.0,706.0,882.0,957.0,915.0,3879.0,11627.0,50.0,31.521739130434785,18.685121107266436,16.535433070866144,15.193026151930262,11.33250311332503,14.730878186968837,10.317460317460316,13.479623824451412,14.098360655737704,25.599381283836042,19.446116797110175
2025,comuna,13,Servicio de Salud Metropolitano Sur,13105,El Bosque,Obesidad,1,328,380,439,402,431,355,444,426,435,1131,4772,6.0,920.0,867.0,889.0,803.0,803.0,706.0,882.0,957.0,915.0,3879.0,11627.0,16.666666666666664,35.65217391304348,43.82929642445214,49.38132733408324,50.06226650062266,53.67372353673724,50.28328611898017,50.34013605442177,44.5141065830721,47.540983606557376,29.156999226604796,41.042401307301965
2025,comuna,13,Servicio de Salud Metropolitano Sur,13105,El Bosque,Sobrepeso,2,277,313,294,278,278,245,338,394,343,1292,4054,6.0,920.0,867.0,889.0,803.0,803.0,706.0,882.0,957.0,915.0,3879.0,11627.0,33.33333333333333,30.10869565217391,36.10149942329873,33.07086614173229,34.62017434620174,34.62017434620174,34.702549575070826,38.32199546485261,41.17032392894462,37.486338797814206,33.30755349316834,34.867119635331555
2025,comuna,13,Servicio de Salud Metropolitano Sur,13401,San Bernardo,Bajo peso,2,34,18,19,9,8,11,7,15,10,576,709,54.0,1553.0,1710.0,1787.0,1818.0,1688.0,1693.0,1893.0,1897.0,1880.0,6829.0,22802.0,3.7037037037037033,2.1893110109465552,1.0526315789473684,1.0632344711807498,0.49504950495049505,0.47393364928909953,0.6497341996455995,0.369783412572636,0.790722192936215,0.5319148936170213,8.434617074242203,3.109376370493816
2025,comuna,13,Servicio de Salud Metropolitano Sur,13401,San Bernardo,Normal,14,494,383,313,230,221,193,249,230,272,2294,4893,54.0,1553.0,1710.0,1787.0,1818.0,1688.0,1693.0,1893.0,1897.0,1880.0,6829.0,22802.0,25.925925925925924,31.809401159047006,22.39766081871345,17.515388919977617,12.651265126512651,13.092417061611375,11.399881866509155,13.153724247226625,12.124406958355298,14.468085106382977,33.59203397276321,21.458643978598367
2025,comuna,13,Servicio de Salud Metropolitano Sur,13401,San Bernardo,Obesidad,26,621,770,896,994,886,916,982,1013,924,1935,9963,54.0,1553.0,1710.0,1787.0,1818.0,1688.0,1693.0,1893.0,1897.0,1880.0,6829.0,22802.0,48.148148148148145,39.98712169993561,45.02923976608187,50.13989927252378,54.675467546754675,52.48815165876777,54.10513880685174,51.87533016376123,53.400105429625725,49.148936170212764,28.3350417337824,43.693535654767125
2025,comuna,13,Servicio de Salud Metropolitano Sur,13401,San Bernardo,Sobrepeso,12,404,539,559,585,573,573,655,639,674,2024,7237,54.0,1553.0,1710.0,1787.0,1818.0,1688.0,1693.0,1893.0,1897.0,1880.0,6829.0,22802.0,22.22222222222222,26.01416613007083,31.52046783625731,31.281477336317852,32.17821782178218,33.94549763033176,33.845245126993504,34.601162176439516,33.684765419082765,35.851063829787236,29.638307219212184,31.738443996140692
2025,comuna,14,Servicio de Salud Metropolitano Sur Oriente,13110,La Florida,Bajo peso,12,79,45,29,22,18,11,17,17,29,2705,2984,171.0,3625.0,4101.0,4281.0,3924.0,3501.0,3266.0,3842.0,3936.0,5044.0,24554.0,60245.0,7.017543859649122,2.179310344827586,1.097293343087052,0.6774118196683018,0.5606523955147809,0.5141388174807198,0.3368034292712799,0.4424778761061947,0.4319105691056911,0.5749405233941317,11.01653498411664,4.953108141754503
2025,comuna,14,Servicio de Salud Metropolitano Sur Oriente,13110,La Florida,Normal,80,1383,1178,940,709,561,475,572,628,856,9070,16452,171.0,3625.0,4101.0,4281.0,3924.0,3501.0,3266.0,3842.0,3936.0,5044.0,24554.0,60245.0,46.783625730994146,38.15172413793103,28.724701292367715,21.95748656855875,18.06829765545362,16.02399314481577,14.543784445805267,14.888079125455493,15.955284552845528,16.97065820777161,36.93899161032825,27.308490331147812
2025,comuna,14,Servicio de Salud Metropolitano Sur Oriente,13110,La Florida,Obesidad,44,1064,1523,1814,1749,1612,1592,1817,1811,2117,5740,20883,171.0,3625.0,4101.0,4281.0,3924.0,3501.0,3266.0,3842.0,3936.0,5044.0,24554.0,60245.0,25.730994152046783,29.351724137931036,37.137283589368444,42.3732772716655,44.571865443425075,46.04398743216224,48.74464176362523,47.293076522644455,46.011178861788615,41.97065820777161,23.37704650973365,34.66345754834426
2025,comuna,14,Servicio de Salud Metropolitano Sur Oriente,13110,La Florida,Sobrepeso,35,1099,1355,1498,1444,1310,1188,1436,1480,2042,7039,19926,171.0,3625.0,4101.0,4281.0,3924.0,3501.0,3266.0,3842.0,3936.0,5044.0,24554.0,60245.0,20.46783625730994,30.317241379310346,33.040721775176785,34.99182434010745,36.799184505606526,37.41788060554128,36.374770361298225,37.37636647579386,37.60162601626016,40.48374306106265,28.667426895821457,33.074943978753424
2025,comuna,14,Servicio de Salud Metropolitano Sur Oriente,13111,La Granja,Bajo peso,8,34,19,10,9,4,5,6,12,20,451,578,162.0,1020.0,1098.0,1096.0,1075.0,1119.0,1078.0,1209.0,1375.0,1991.0,6542.0,17765.0,4.938271604938271,3.3333333333333335,1.7304189435336976,0.9124087591240875,0.8372093023255814,0.3574620196604111,0.463821892393321,0.49627791563275436,0.8727272727272728,1.0045203415369162,6.893916233567716,3.253588516746411
2025,comuna,14,Servicio de Salud Metropolitano Sur Oriente,13111,La Granja,Normal,77,325,248,212,157,137,131,162,171,343,2102,4065,162.0,1020.0,1098.0,1096.0,1075.0,1119.0,1078.0,1209.0,1375.0,1991.0,6542.0,17765.0,47.53086419753087,31.862745098039213,22.586520947176687,19.34306569343066,14.604651162790697,12.243074173369079,12.152133580705009,13.399503722084367,12.436363636363636,17.22752385735811,32.13084683583002,22.882071488882634
2025,comuna,14,Servicio de Salud Metropolitano Sur Oriente,13111,La Granja,Obesidad,32,383,477,531,572,642,611,647,692,912,1850,7349,162.0,1020.0,1098.0,1096.0,1075.0,1119.0,1078.0,1209.0,1375.0,1991.0,6542.0,17765.0,19.753086419753085,37.549019607843135,43.44262295081967,48.44890510948905,53.2093023255814,57.37265415549599,56.679035250463826,53.51530190239868,50.32727272727273,45.806127574083376,28.27881381840416,41.36785814804391
2025,comuna,14,Servicio de Salud Metropolitano Sur Oriente,13111,La Granja,Sobrepeso,45,278,354,343,337,336,331,394,500,716,2139,5773,162.0,1020.0,1098.0,1096.0,1075.0,1119.0,1078.0,1209.0,1375.0,1991.0,6542.0,17765.0,27.77777777777778,27.254901960784313,32.240437158469945,31.295620437956206,31.348837209302328,30.02680965147453,30.70500927643785,32.5889164598842,36.36363636363637,35.9618282270216,32.696423112198104,32.49648184632704
2025,comuna,14,Servicio de Salud Metropolitano Sur Oriente,13112,La Pintana,Bajo peso,35,37,10,12,7,6,7,8,17,20,836,995,888.0,1737.0,1578.0,1689.0,1573.0,1583.0,1550.0,1830.0,1869.0,2184.0,9843.0,26324.0,3.9414414414414414,2.130109383995394,0.6337135614702154,0.7104795737122558,0.44500953591862685,0.3790271636133923,0.4516129032258065,0.4371584699453552,0.9095773140716961,0.9157509157509158,8.493345524738393,3.7798206959428655
2025,comuna,14,Servicio de Salud Metropolitano Sur Oriente,13112,La Pintana,Normal,362,523,356,283,224,218,169,237,241,322,3106,6041,888.0,1737.0,1578.0,1689.0,1573.0,1583.0,1550.0,1830.0,1869.0,2184.0,9843.0,26324.0,40.765765765765764,30.109383995394357,22.56020278833967,16.755476613380697,14.24030514939606,13.771320277953253,10.903225806451614,12.950819672131148,12.894596040663457,14.743589743589745,31.555420095499336,22.948640024312414
2025,comuna,14,Servicio de Salud Metropolitano Sur Oriente,13112,La Pintana,Obesidad,245,708,783,877,839,843,921,1035,996,1108,3042,11397,888.0,1737.0,1578.0,1689.0,1573.0,1583.0,1550.0,1830.0,1869.0,2184.0,9843.0,26324.0,27.59009009009009,40.75993091537133,49.619771863117876,51.92421551213736,53.337571519389705,53.253316487681616,59.41935483870968,56.557377049180324,53.29052969502408,50.73260073260073,30.90521182566291,43.29509193131743
2025,comuna,14,Servicio de Salud Metropolitano Sur Oriente,13112,La Pintana,Sobrepeso,246,469,429,517,503,516,453,550,615,734,2859,7891,888.0,1737.0,1578.0,1689.0,1573.0,1583.0,1550.0,1830.0,1869.0,2184.0,9843.0,26324.0,27.7027027027027,27.000575705238916,27.186311787072242,30.60982830076969,31.977113795295615,32.59633607075173,29.2258064516129,30.05464480874317,32.90529695024077,33.60805860805861,29.04602255409936,29.976447348427293
2025,comuna,14,Servicio de Salud Metropolitano Sur Oriente,13131,San Ramón,Bajo peso,29,58,38,26,19,16,18,28,22,19,630,903,360.0,1256.0,1313.0,1344.0,1223.0,1182.0,1301.0,1650.0,1729.0,1638.0,5901.0,18897.0,8.055555555555555,4.617834394904459,2.8941355674028943,1.9345238095238095,1.553556827473426,1.353637901861252,1.3835511145272867,1.6969696969696972,1.2724117987275883,1.15995115995116,10.676156583629894,4.7785362755993015
2025,comuna,14,Servicio de Salud Metropolitano Sur Oriente,13131,San Ramón,Normal,125,421,316,279,217,196,183,237,281,303,2071,4629,360.0,1256.0,1313.0,1344.0,1223.0,1182.0,1301.0,1650.0,1729.0,1638.0,5901.0,18897.0,34.72222222222222,33.51910828025478,24.067022086824068,20.758928571428573,17.743254292722813,16.58206429780034,14.066102997694083,14.363636363636365,16.25216888374783,18.4981684981685,35.09574648364684,24.49595173837117
2025,comuna,14,Servicio de Salud Metropolitano Sur Oriente,13131,San Ramón,Obesidad,110,433,521,579,547,548,618,761,774,684,1445,7020,360.0,1256.0,1313.0,1344.0,1223.0,1182.0,1301.0,1650.0,1729.0,1638.0,5901.0,18897.0,30.555555555555557,34.47452229299363,39.68012185833968,43.080357142857146,44.72608340147179,46.36209813874789,47.501921598770174,46.12121212121212,44.76576055523424,41.75824175824176,24.48737502118285,37.148753770439754
2025,comuna,14,Servicio de Salud Metropolitano Sur Oriente,13131,San Ramón,Sobrepeso,96,344,438,460,440,422,482,624,652,632,1755,6345,360.0,1256.0,1313.0,1344.0,1223.0,1182.0,1301.0,1650.0,1729.0,1638.0,5901.0,18897.0,26.666666666666668,27.388535031847134,33.35872048743336,34.226190476190474,35.97710547833197,35.70219966159052,37.04842428900845,37.81818181818182,37.709658762290346,38.58363858363859,29.74072191154042,33.57675821558978
2025,comuna,14,Servicio de Salud Metropolitano Sur Oriente,13201,Puente Alto,Bajo peso,26,76,36,24,15,12,10,11,12,19,1510,1751,459.0,2733.0,2867.0,3036.0,3041.0,2727.0,2324.0,2594.0,2722.0,3170.0,14426.0,40099.0,5.664488017429194,2.7808269301134283,1.2556679455877224,0.7905138339920948,0.4932587964485367,0.44004400440044,0.4302925989672977,0.4240555127216654,0.440852314474651,0.5993690851735016,10.467211978372383,4.3666924362203545
2025,comuna,14,Servicio de Salud Metropolitano Sur Oriente,13201,Puente Alto,Normal,207,883,619,544,428,379,284,387,400,549,5149,9829,459.0,2733.0,2867.0,3036.0,3041.0,2727.0,2324.0,2594.0,2722.0,3170.0,14426.0,40099.0,45.09803921568628,32.3088181485547,21.590512731077784,17.918313570487484,14.074317658664912,13.898056472313899,12.220309810671257,14.919043947571318,14.695077149155033,17.318611987381704,35.69249965340357,24.511833212798322
2025,comuna,14,Servicio de Salud Metropolitano Sur Oriente,13201,Puente Alto,Obesidad,113,949,1210,1474,1530,1379,1202,1288,1289,1334,3530,15298,459.0,2733.0,2867.0,3036.0,3041.0,2727.0,2324.0,2594.0,2722.0,3170.0,14426.0,40099.0,24.618736383442265,34.723746798390046,42.20439483780956,48.55072463768116,50.31239723775074,50.56839017235056,51.72117039586919,49.65304548959136,47.3548861131521,42.0820189274448,24.469707472618882,38.1505773211302
2025,comuna,14,Servicio de Salud Metropolitano Sur Oriente,13201,Puente Alto,Sobrepeso,113,825,1002,994,1068,957,828,908,1021,1268,4237,13221,459.0,2733.0,2867.0,3036.0,3041.0,2727.0,2324.0,2594.0,2722.0,3170.0,14426.0,40099.0,24.618736383442265,30.18660812294182,34.949424485524936,32.740447957839265,35.12002630713581,35.09350935093509,35.628227194492254,35.003855050115654,37.50918442321822,40.0,29.37058089560516,32.97089702985112
2025,comuna,14,Servicio de Salud Metropolitano Sur Oriente,13202,Pirque,Bajo peso,2,10,2,1,2,1,4,2,4,2,213,243,5.0,260.0,264.0,286.0,323.0,283.0,370.0,376.0,492.0,502.0,2045.0,5206.0,40.0,3.8461538461538463,0.7575757575757576,0.34965034965034963,0.6191950464396285,0.35335689045936397,1.0810810810810811,0.5319148936170213,0.8130081300813009,0.398406374501992,10.415647921760392,4.66769112562428
2025,comuna,14,Servicio de Salud Metropolitano Sur Oriente,13202,Pirque,Normal,3,93,75,64,58,52,70,46,72,82,763,1378,5.0,260.0,264.0,286.0,323.0,283.0,370.0,376.0,492.0,502.0,2045.0,5206.0,60.0,35.76923076923077,28.40909090909091,22.377622377622377,17.956656346749224,18.374558303886925,18.91891891891892,12.23404255319149,14.634146341463413,16.334661354581673,37.31051344743276,26.46945831732616
2025,comuna,14,Servicio de Salud Metropolitano Sur Oriente,13202,Pirque,Obesidad,0,83,104,140,152,138,166,193,200,203,453,1832,5.0,260.0,264.0,286.0,323.0,283.0,370.0,376.0,492.0,502.0,2045.0,5206.0,0.0,31.92307692307692,39.39393939393939,48.95104895104895,47.05882352941176,48.76325088339223,44.86486486486487,51.329787234042556,40.65040650406504,40.438247011952186,22.15158924205379,35.190165194006916
2025,comuna,14,Servicio de Salud Metropolitano Sur Oriente,13202,Pirque,Sobrepeso,0,74,83,81,111,92,130,135,216,215,616,1753,5.0,260.0,264.0,286.0,323.0,283.0,370.0,376.0,492.0,502.0,2045.0,5206.0,0.0,28.46153846153846,31.439393939393938,28.321678321678323,34.36532507739938,32.50883392226148,35.13513513513514,35.90425531914894,43.90243902439025,42.82868525896414,30.12224938875306,33.672685363042646
2025,comuna,14,Servicio de Salud Metropolitano Sur Oriente,13203,San José de Maipo,Bajo peso,0,1,0,0,0,0,0,0,3,0,11,15,3.0,26.0,26.0,26.0,20.0,19.0,21.0,15.0,21.0,19.0,113.0,309.0,0.0,3.8461538461538463,0.0,0.0,0.0,0.0,0.0,0.0,14.285714285714285,0.0,9.734513274336283,4.854368932038835
2025,comuna,14,Servicio de Salud Metropolitano Sur Oriente,13203,San José de Maipo,Normal,2,6,5,4,7,5,4,5,4,5,52,99,3.0,26.0,26.0,26.0,20.0,19.0,21.0,15.0,21.0,19.0,113.0,309.0,66.66666666666666,23.076923076923077,19.230769230769234,15.384615384615385,35.0,26.31578947368421,19.047619047619047,33.33333333333333,19.047619047619047,26.31578947368421,46.017699115044245,32.038834951456316
2025,comuna,14,Servicio de Salud Metropolitano Sur Oriente,13203,San José de Maipo,Obesidad,0,5,6,13,6,7,3,5,6,6,22,79,3.0,26.0,26.0,26.0,20.0,19.0,21.0,15.0,21.0,19.0,113.0,309.0,0.0,19.230769230769234,23.076923076923077,50.0,30.0,36.84210526315789,14.285714285714285,33.33333333333333,28.57142857142857,31.57894736842105,19.469026548672566,25.5663430420712
2025,comuna,14,Servicio de Salud Metropolitano Sur Oriente,13203,San José de Maipo,Sobrepeso,1,14,15,9,7,7,14,5,8,8,28,116,3.0,26.0,26.0,26.0,20.0,19.0,21.0,15.0,21.0,19.0,113.0,309.0,33.33333333333333,53.84615384615385,57.692307692307686,34.61538461538461,35.0,36.84210526315789,66.66666666666666,33.33333333333333,38.095238095238095,42.10526315789473,24.778761061946902,37.54045307443366
